职位唯一标识(encryptJobId),职位名称,薪资,技能要求,学历要求,工作经验,公司名称,城市,招聘负责人,福利,职位链接
c1bfca2c0785e0b703B83d2_F1dV,AI产品策划实习生,150-200元/天,"['B端产品', 'AI', 'LLM']",本科,,腾讯,深圳,刘先生,"员工旅游, 带薪年假, 补充医疗保险, 意外险, 定期体检, 免费健身房, 团建聚餐, 年终奖, 免费班车, 交通补助, 节日福利, 有无线网, 公仔周边活动, 五险一金",https://www.zhipin.com/job_detail/c1bfca2c0785e0b703B83d2_F1dV.html?securityId=hKiEzu8S3HknT-u1eDIEsd_-WDrHPhhPMQ7R1ZfBf6RvFJhQ9aMYGoYFxX8r0vXkqAH2RAl-eAykAz4XQd_E6MXn09M1aBVJgW-epXr87wT5LA~~
a31c45731c25579a03d729i_F1dY,云存储-研发高级工程师（云智）,14-24K·14薪,"['C++', 'MySQL', 'Linux开发/部署经验']",本科,3-5年,腾讯,武汉,刘女士,"员工旅游, 交通补助, 带薪年假, 餐补, 零食下午茶, 公仔周边活动, 五险一金, 节日福利, 免费班车, 免费早晚餐, 免费健身房, 住房补贴, 包吃, 股票期权, 定期体检, 年终奖, 补充医疗保险",https://www.zhipin.com/job_detail/a31c45731c25579a03d729i_F1dY.html?securityId=5heNgHq8d0maY-413W0H0oRL9Xk9f2ykFXmR7xw-CRK7aGhVoHqo3VnpNjy79B37Fro1WEjEYXiNJBcn4xWAdchkGw_M6RR16ZdSYJKXJtXBS5mnRm4~
0834745f195e77cf03R809i6FFRV,异构计算研发工程师-广告模型平台(北京),50-80K·16薪,"['深度学习', '机器学习', '模型加速/性能优化', 'C/C++', '算法工程化经验']",本科,3-5年,腾讯,北京,江女士,"包吃, 住房补贴, 免费早晚餐, 五险一金, 定期体检, 餐补, 交通补助, 股票期权, 零食下午茶, 免费班车, 年终奖, 免费健身房, 公仔周边活动, 带薪年假, 节日福利, 员工旅游, 补充医疗保险",https://www.zhipin.com/job_detail/0834745f195e77cf03R809i6FFRV.html?securityId=VxogzC3uwXlAu-z1gt7Cke2A6_JFecAGkSeqi8YYLDNWNcDEMseSA3TiMFZNAVQw9fKk8GYOPF0Gfa7xoc6kjWGFTcaOS3wn2aOIN3ZElPDYEdUzrCRH
914f344696f225b403B709-4FVRT,【深圳】腾讯云_平台产品经理,25-50K·16薪,[],本科,3-5年,腾讯,深圳,何女士,"节日福利, 零食下午茶, 免费早晚餐, 补充医疗保险, 带薪年假, 定期体检, 免费健身房, 年终奖, 公仔周边活动, 员工旅游, 包吃, 餐补, 五险一金, 股票期权, 交通补助, 住房补贴, 免费班车",https://www.zhipin.com/job_detail/914f344696f225b403B709-4FVRT.html?securityId=A55UDvA0aYhyY-S1F4TR5FID6mGDsmA5p5DsRpKpT9sq-9531o6lvrr15bPPnUu1BLkDFi-psM5zKCmqzKCeGOTlYzbeMQMpBEaIlambLwZwjM5Z_BM~
ab19cbff0c73d5701Hxy2tq8GFdR,PC客户端高级研发工程师(北京),40-70K·15薪,['C++'],本科,经验不限,腾讯,北京,马先生,"股票期权, 免费健身房, 定期体检, 零食下午茶, 包吃, 住房补贴, 补充医疗保险, 免费班车, 带薪年假, 五险一金, 员工旅游, 年终奖, 餐补, 节日福利, 公仔周边活动, 交通补助, 免费早晚餐",https://www.zhipin.com/job_detail/ab19cbff0c73d5701Hxy2tq8GFdR.html?securityId=HgW4a9zAPOyPk-11Ow-dXc8bDw8eWjXMvLjQWsgVl3FRl_Q3ZDK9P4S_cEo7NHiwBtgrTjaQeox9WLZI_j89MoEC02qbVe03BqLCvCZmpnh0Q3Vm6LU~
2fa7619e600700071Hx52t2_FFdX,《三角洲行动》海外宣发推广运营,25-45K·18薪,['文娱/游戏'],本科,3-5年,腾讯,深圳,魏先生,"定期体检, 员工旅游, 补充医疗保险, 有无线网, 团建聚餐, 年终奖, 带薪年假, 免费班车, 公仔周边活动, 意外险, 节日福利, 五险一金, 交通补助, 免费健身房",https://www.zhipin.com/job_detail/2fa7619e600700071Hx52t2_FFdX.html?securityId=TSiBDQ7auhDyy-k1OV6m3cp58YHg8RWk0PWMJ8okKjPoRJL62-Vn1QTzKznXZFSMRIR6NYt83OacwOFrYVlvpgUIA4fPGcYB-usG3p9a3XTz3A~~
1d0f6f3cc3e168fc03Z909q5GVBQ,Anycast网络研发高级工程师(深圳/北京),40-70K,"['有网络工程师经验', 'C/C++', '运营商', '3到5年网络工程师经验', '计算机相关专业', '熟悉Linux等操作系统', '网络架构设计']",本科,5-10年,腾讯,深圳,王先生,"免费健身房, 交通补助, 免费班车, 住房补贴, 五险一金, 公仔周边活动, 带薪年假, 员工旅游, 股票期权, 年终奖, 包吃, 零食下午茶, 节日福利, 定期体检, 补充医疗保险, 免费早晚餐, 餐补",https://www.zhipin.com/job_detail/1d0f6f3cc3e168fc03Z909q5GVBQ.html?securityId=CbcjHulNapP3u-d1cahE0aTEGcmPWr_51A5rI-oye4GvRlW2VqhfHp_vpeqKNS8iRFdExbMDeijA7DEUhPhJIPeJr-IGSi8NdZ66P7udNOi87TEp
be5f2066a1e99ed71XB82d66GFVV,高级推荐算法工程师 （深圳/北京）,95-100K,"['Java', 'Python', 'TensorFlow/PyTorch']",本科,5-10年,腾讯,深圳,曾先生,"意外险, 五险一金, 带薪年假, 团建聚餐, 交通补助, 年终奖, 有无线网, 补充医疗保险, 免费班车, 定期体检, 免费健身房, 员工旅游, 节日福利, 公仔周边活动",https://www.zhipin.com/job_detail/be5f2066a1e99ed71XB82d66GFVV.html?securityId=hGriJ6iNXVHqi-r1mBgsrKMSQGMiePaiE6XFcHkhQSoHWGqo_Q2HNpE8nDhu_ivc6NTqhK-IEFhNGmpz-0K5T7_V6Pq0O4C2-fmZ8pxjoOz6
c334c51f199f121b03d92tW-EFBU,云后台测试开发工程师,15-20K·15薪,[],本科,1-3年,腾讯,西安,王先生,"定期体检, 补充医疗保险, 零食下午茶, 节日福利, 带薪年假, 员工旅游, 五险一金, 免费班车, 餐补, 住房补贴, 年终奖, 交通补助, 公仔周边活动, 股票期权, 包吃, 免费健身房, 免费早晚餐",https://www.zhipin.com/job_detail/c334c51f199f121b03d92tW-EFBU.html?securityId=ftx6ARANXnWXy-K1e7-xwu87mXXJ6_3RxawQ1TgQcrenrh0LRTdME8_nxwJ9d5Rw78KA1Jii47e6VEnoqwd5f7SrXHS14YlVPOqYloUchPm6J7aWi2o~
fa398d1d80e69b2e1HN60tu6ElpV,运维工程师,15-30K·14薪,"['Golang', '实施交付运维', '系统运维', '运维开发/DevOps', 'Python/Shell', '运维经验']",本科,3-5年,腾讯,武汉,李先生,"定期体检, 零食下午茶, 节日福利, 员工旅游, 住房补贴, 五险一金, 交通补助, 补充医疗保险, 免费早晚餐, 带薪年假, 包吃, 免费健身房, 公仔周边活动, 股票期权, 餐补, 年终奖, 免费班车",https://www.zhipin.com/job_detail/fa398d1d80e69b2e1HN60tu6ElpV.html?securityId=eSDJtM8Gi6hAR-A1nFTkWNW_jziaKIdKikM-RcRaZtQh3FRXj7uILmuFoMr1K7koK5xo9V6PDGkPXFbe9SrdEuO7vliSRMJyfIHZPBXGBVtxwNWAsPwkIKoizUB1X2KFcAmFypWWAEQvjyMDemxGtGs~
fe1ff543e61b064f03Zy0ti4FVpW,混元大模型语音算法工程师,50-80K·15薪,"['ASR', 'TTS', '语音大模型', '语音通话']",硕士,5-10年,腾讯,北京,郭先生,"免费班车, 员工旅游, 交通补助, 五险一金, 餐补, 股票期权, 带薪年假, 年终奖, 节日福利, 公仔周边活动, 定期体检, 包吃, 零食下午茶, 免费健身房, 免费早晚餐, 住房补贴, 补充医疗保险",https://www.zhipin.com/job_detail/fe1ff543e61b064f03Zy0ti4FVpW.html?securityId=ClhtFaqcMFDER-M1H8wQTLUYZxiNfYeGFcLupZDXXGufGYAwGBWV-fBjVUdCASkW1c3qTGy5kafe6_RH4kroydatSk2UB07pOZdoRnuYeEZuxlneb_z2
8657073138fa8b8303d-3t61F1RQ,游戏系统策划(腾娱),11-22K·14薪,"['MOBA游戏', '竞技性游戏']",本科,1-3年,腾讯,深圳,陈女士,"五险一金, 餐补, 节日福利, 免费班车, 股票期权, 免费健身房, 公仔周边活动, 带薪年假, 零食下午茶, 员工旅游, 年终奖, 交通补助, 住房补贴, 补充医疗保险, 定期体检, 包吃, 免费早晚餐",https://www.zhipin.com/job_detail/8657073138fa8b8303d-3t61F1RQ.html?securityId=0DgAXqvo4lSEX-u1UYC4iYzA8HUNTQkHzUb_IkkUwuzU45Iwccg-puCrrdimaax1-36rysaHITbb-3Q1TJFOUrNoQGu89LZAH84Sd3kq0S9v7NSBv7w~
da1f5b577504ff6a03Vz2t6_FlpU,微信安全-大模型内容安全算法工程师(北京),65-95K·17薪,"['深度学习', '图像算法', 'C/C++', '大模型安全']",硕士,3-5年,腾讯,北京,罗先生,"免费健身房, 股票期权, 节日福利, 免费早晚餐, 公仔周边活动, 五险一金, 零食下午茶, 餐补, 补充医疗保险, 交通补助, 包吃, 带薪年假, 住房补贴, 年终奖, 员工旅游, 定期体检, 免费班车",https://www.zhipin.com/job_detail/da1f5b577504ff6a03Vz2t6_FlpU.html?securityId=ntTTItv8WPuVL-i1sxKJVxIzGwKRb__ZVOmUvEJrCVCU4ZP2Z903__uGo6FEI-9hULBjP21r3weBHyvCWiaTMxOCiLuvtHjROAGhlOCp8XlpT8nvtLLbD4ubHS1vCKi-dVPMNPfT4KjvRGae6phmn6ii
69c4fb0b02e70baf03Z_09W9E1VW,西安-腾讯云大数据基础产品后台开发-AI方向,14-24K·14薪,"['Golang', 'Java', '大数据经验', 'MySQL', 'Spring']",本科,3-5年,腾讯,西安,苏女士,"股票期权, 带薪年假, 定期体检, 公仔周边活动, 免费班车, 免费健身房, 五险一金, 餐补, 员工旅游, 免费早晚餐, 交通补助, 补充医疗保险, 节日福利, 零食下午茶, 包吃, 住房补贴, 年终奖",https://www.zhipin.com/job_detail/69c4fb0b02e70baf03Z_09W9E1VW.html?securityId=5Z8oczcbhCa3a-G1Rkfu7z_AT2gV9znsX8TCMcHodaYLRfMogvINBw4uprQP6uOlNfXotUmbdNSQzxX-GCO5GSoOX7p-8FesoO0qJF9JPTGotS0TSlQ~
20f2895ce4a7bdff03Z9092-EVFS,游戏Ai策划- PUBGM（腾娱）,11-20K·14薪,"['战斗系统设计', '装备系统设计', '第一人称', '第三人称', '射击游戏', 'AI', '怪物AI']",本科,3-5年,腾讯,深圳,饶女士,"员工旅游, 五险一金, 公仔周边活动, 补充医疗保险, 带薪年假, 包吃, 定期体检, 免费班车, 交通补助, 年终奖, 节日福利, 住房补贴, 免费健身房, 股票期权, 餐补, 免费早晚餐, 零食下午茶",https://www.zhipin.com/job_detail/20f2895ce4a7bdff03Z9092-EVFS.html?securityId=UTE8mqMExfLva-S1_7V_q2jkAbOdoxWjhAr81c0d5nOGHbUBh7R5RJMzuml9ltPkxOyzrngwuRpGKbEIiFctX_pvftJLuEEEw-W3MBj0RH0Fp1k1JJ2FAZNDlzyHLbyrflIR0WtCqMXvfKPgf3e70Hs~
a61566b6a81d397203d_2du-FlNV,场景原画-逆战端游-腾娱互动,11-19K·14薪,"['有原画经验/技能', '甲方公司', '五险一金', '年终奖', '周末双休', '现场办公', '3-5年原画经验', '场景原画', '游戏行业经验', '影视行业经验', '写实', '科幻', 'PS']",大专,3-5年,腾讯,武汉,包女士,"员工旅游, 免费班车, 包吃, 交通补助, 股票期权, 补充医疗保险, 五险一金, 零食下午茶, 餐补, 免费早晚餐, 定期体检, 住房补贴, 年终奖, 公仔周边活动, 带薪年假, 免费健身房, 节日福利",https://www.zhipin.com/job_detail/a61566b6a81d397203d_2du-FlNV.html?securityId=W6wc1DvDtZIE0-I15taEKEVYGtjCuM6AiTH_8VwiiNQ7FY54PfxZSukGPjCRiC0wbWY4w77pkubQDGYCN2tD8oiyIRAJKW8_7FNGNy87L1Ophla7H4F-
22dc67ed66b7869103d42tm6ElBZ,腾娱-FPS游戏测试开发工程师,12-20K·14薪,"['自动化测试经验', 'C++', '测试工作经验', '计算机相关专业', 'Fps游戏', '测试开发', '软件开发经验', 'Python']",本科,在校/应届,腾讯,深圳,李女士,"公仔周边活动, 员工旅游, 交通补助, 有无线网, 免费健身房, 意外险, 五险一金, 定期体检, 补充医疗保险, 节日福利, 年终奖, 带薪年假, 免费班车, 团建聚餐",https://www.zhipin.com/job_detail/22dc67ed66b7869103d42tm6ElBZ.html?securityId=ttUXAPXZ9iJZS-51Du1qaXrvsWLxMzrbgXppRpMDLE_5jN6jGkp1bHGg1ficF59xpkC1qWwgW4Xm7nt_nvtsl2GcXMnCxYGWlQlwDckFvnX8Fw~~
0e9d8d019dfabe141HR809y5F1FX,腾讯云BI-大模型算法工程师,60-90K·15薪,"['LLaMA', 'spark', 'hadoop', '机器学习', '深度学习']",本科,5-10年,腾讯,深圳,赖先生,"五险一金, 带薪年假, 定期体检, 公仔周边活动, 股票期权, 年终奖, 免费健身房, 免费班车, 餐补, 零食下午茶, 补充医疗保险, 节日福利, 包吃, 免费早晚餐, 员工旅游, 交通补助, 住房补贴",https://www.zhipin.com/job_detail/0e9d8d019dfabe141HR809y5F1FX.html?securityId=JQq6NOJGZ19r6-j1Fq45TGCelJ39gUTSgdFbuP4tyKoBUDQW06GhD3H1EmgHK2XlIHFZxQq50AgQZ2f_adccq5N06785_YZHeMuvP6I69Byzug9y25Tg
4bd7bf3394ac81111H163Ni-ElRS,hrbp,15-25K·16薪,"['组织发展', '招聘', '人才发展', 'HRBP经验', '业务部门']",本科,1-3年,腾讯,深圳,娜女士,"五险一金, 补充医疗保险, 公仔周边活动, 定期体检, 包吃, 住房补贴, 员工旅游, 年终奖, 股票期权, 带薪年假, 零食下午茶, 交通补助, 免费健身房, 免费班车, 免费早晚餐, 节日福利, 餐补",https://www.zhipin.com/job_detail/4bd7bf3394ac81111H163Ni-ElRS.html?securityId=3QikwQnU7HO7--J17lxKXKrvI94drP4mlQb9EQvE5S1JXforwkueNmCstSkOmYluFy5IMz-eGt-9MM8K_0GnjbY7on9-5PXn_O9Y8PI5a96qBz93MddA
906ad4f38f49fd791HN83N6-GFFR,UE客户端开发工程师(Gameplay)(上海),26-50K·16薪,"['UE4', 'C/C++', '计算机/软件工程相关专业', 'UE4开发经验', 'GAS']",本科,3-5年,腾讯,上海,杨女士,"五险一金, 节日福利, 免费早晚餐, 年终奖, 补充医疗保险, 股票期权, 带薪年假, 包吃, 住房补贴, 员工旅游, 公仔周边活动, 餐补, 免费健身房, 交通补助, 零食下午茶, 定期体检, 免费班车",https://www.zhipin.com/job_detail/906ad4f38f49fd791HN83N6-GFFR.html?securityId=iaOqkbldIJak1-S1TLexDUeFskji3ha6camgspZeotAPYHe1FnwqLglyxS_jMdzDgMEKd_9kmWZSilr8pEfQllhVe5QxfiunLmbS4FekrZIpBCYOgbPg
efb0159c65b31e4a03d_3925GFdQ,《王者万象棋》-资深UI动效,25-50K·16薪,"['有UI设计经验/技能', '甲方公司', '五险一金', '周末双休', '现场办公', '5年以上UI设计经验', '动效设计经验', '交互设计经验', '游戏行业经验']",学历不限,5-10年,腾讯,成都,邱女士,"住房补贴, 定期体检, 交通补助, 免费班车, 节日福利, 股票期权, 零食下午茶, 补充医疗保险, 包吃, 带薪年假, 餐补, 员工旅游, 五险一金, 免费早晚餐, 公仔周边活动, 免费健身房, 年终奖",https://www.zhipin.com/job_detail/efb0159c65b31e4a03d_3925GFdQ.html?securityId=nZOS0a9KrJEeR-G1HVvv8ltZzON6T-FaTq8JOTGMfv1QQ_Y-SfIYupM9fS-5Mvz2bwY1_DGCml1linNS92vBB_rrRc3Xy-kD8FDsJ4NnLiYlVC6iTuE~
c656bce7134e2d491H142t68F1ZV,3D场景-武汉（腾娱）,11-18K·14薪,"['PBR', '手绘', '资产']",大专,1-3年,腾讯,武汉,袁女士,"五险一金, 住房补贴, 免费早晚餐, 免费班车, 公仔周边活动, 员工旅游, 股票期权, 定期体检, 零食下午茶, 免费健身房, 带薪年假, 餐补, 交通补助, 包吃, 节日福利, 年终奖, 补充医疗保险",https://www.zhipin.com/job_detail/c656bce7134e2d491H142t68F1ZV.html?securityId=0oSbJ5lX6PGb3-b1VfiDJRruHVbWXhA7LyrkTnvDrq8JWSep2aJN7Z3viDdkIV_b48uI5_D0mQPg1LJ1gFqsbl9uOVsPzI1OM4Z2T-s98fgWUlKOZ74~
841d8102d6ea98a903V83tS-F1pR,KF—智能运营经理（云智服）,11-20K,"['业务数据分析', 'Python/R语言/SPSS', '统计/数学相关专业', '计算机相关专业', 'Tableau/Power BI', '数据分析/商业分析经验', 'SQL']",本科,3-5年,腾讯,重庆,许先生,"员工旅游, 补充医疗保险, 定期体检, 带薪年假, 股票期权, 公仔周边活动, 住房补贴, 年终奖, 餐补, 免费早晚餐, 交通补助, 节日福利, 免费健身房, 五险一金, 零食下午茶, 免费班车, 包吃",https://www.zhipin.com/job_detail/841d8102d6ea98a903V83tS-F1pR.html?securityId=QBR8Fsb2GqjGK-T1eiDMJJEfgsB138CP6weQqFrQiOTt3V3V02en1crnwSPrC3Jb57vUqUnRnOwXYEPMwwvnSw4eQeSGN1a7qoMaUPXYhdtSLQA5rz0ddNShDmSXwKInAiC9yoGfInNI3IQjggxFehw~
dc1850ac14fbc70c03Z82dW_E1pY,穿越火线端游-活动/商业化运营（深圳腾娱）,12-16K,"['端游', '资深游戏玩家', '射击游戏', '游戏活动运营']",本科,1-3年,腾讯,深圳,柯先生,"股票期权, 定期体检, 公仔周边活动, 免费早晚餐, 免费健身房, 免费班车, 五险一金, 餐补, 补充医疗保险, 节日福利, 带薪年假, 包吃, 住房补贴, 零食下午茶, 员工旅游, 年终奖, 交通补助",https://www.zhipin.com/job_detail/dc1850ac14fbc70c03Z82dW_E1pY.html?securityId=tHmosbzqTOsSR-l1LQDgKLK2Jrl8WEYLvm3k7qVjZEC6bCxT2-Y0pJpJ676U-fF9HHBMiT9H8JA7mf39beYDoMJyN5Qmg9JeSD32725ESjpW5xB1UCk~
e281bd4bd9239dd203Z42Nm6EFFT,大语言模型算法研究员,35-60K·16薪,"['大模型', '预训练', 'NLP', 'NLP论文']",硕士,5-10年,腾讯,上海,杨女士,"五险一金, 补充医疗保险, 带薪年假, 免费班车, 住房补贴, 定期体检, 餐补, 免费早晚餐, 包吃, 公仔周边活动, 股票期权, 零食下午茶, 员工旅游, 节日福利, 年终奖, 免费健身房, 交通补助",https://www.zhipin.com/job_detail/e281bd4bd9239dd203Z42Nm6EFFT.html?securityId=imiyjWjEZWGrh-u1Vg5h-W5KOx-tGHZ6fqlaqMBBDLNDIi_t8DekONiDmsH5STWjMK6YUHYx9BoT_I9_HFSwW-EfV1zMSOGKgXK_joIjRBnsvrfyBn0~
ac19d82101b3fa8303d909S1EVpR,数据产品专家（北京/深圳）,30-60K·15薪,"['中台产品', '大数据产品']",本科,3-5年,腾讯,北京,戴女士,"补充医疗保险, 免费早晚餐, 带薪年假, 年终奖, 交通补助, 餐补, 节日福利, 免费健身房, 五险一金, 定期体检, 免费班车, 住房补贴, 包吃, 员工旅游, 零食下午茶, 公仔周边活动, 股票期权",https://www.zhipin.com/job_detail/ac19d82101b3fa8303d909S1EVpR.html?securityId=AmGL2B9UIhgW--51_NQ3I40KWMrs5ipWcIOanTLrvA4ZiUBnRz-_9Y3khiecJkKIePnB88DExpGQe6E31dGO_MmxQcQ-3VYXEhPE_VKTNJ27LA9SHEvrjVco4LF0mvYAAPFMiTReWtf7oFy8AFtQTWM~
c553131452f9e5d103B93d61ElFS,游戏翻译,6-10K,[],本科,经验不限,腾讯,深圳,王女士,"节日福利, 五险一金, 交通补助, 有无线网, 免费班车, 员工旅游, 公仔周边活动, 年终奖, 免费健身房, 带薪年假, 补充医疗保险, 团建聚餐, 定期体检, 意外险",https://www.zhipin.com/job_detail/c553131452f9e5d103B93d61ElFS.html?securityId=1bXh5oiuLgXGZ-S1smgNr4zJnjvxhs7JbJovCM_X2EKkBC1te6KVoNWfnVWi-He5glyHACqcQHy2P020SAX4C39wbwwM1oMj7KC9IRxLxJ-g
087e3835d7fcf64303Vz39i6EVJR,微信搜索-高级客户端开发工程师(广州),30-60K·17薪,[],本科,5-10年,腾讯,广州,郭先生,"员工旅游, 补充医疗保险, 公仔周边活动, 股票期权, 零食下午茶, 免费健身房, 定期体检, 交通补助, 免费班车, 餐补, 节日福利, 年终奖, 免费早晚餐, 带薪年假, 住房补贴, 五险一金, 包吃",https://www.zhipin.com/job_detail/087e3835d7fcf64303Vz39i6EVJR.html?securityId=eNXCNmv9aE9GI-O1EnrViAzffJlO4JR0VsYIXRiciu_hBJ34mgzeUKF-xToWO25zWayDMhn-M6qwlkp5SNJ51tXuVi9sjK735u0odS4mBAtfJSisNhcG
3f262831b844000f1Xx429u9GVpY,腾讯云网络产品经理,40-70K·16薪,"['B端产品', '云计算', '腾讯云']",本科,5-10年,腾讯,深圳,Y先生,"年终奖, 补充医疗保险, 交通补助, 带薪年假, 股票期权, 五险一金, 节日福利, 免费班车, 定期体检, 餐补, 住房补贴, 零食下午茶, 免费早晚餐, 免费健身房, 员工旅游, 公仔周边活动, 包吃",https://www.zhipin.com/job_detail/3f262831b844000f1Xx429u9GVpY.html?securityId=CsLIXpgBxBczB-619mQ51KvwgVoJUvshEwjhn6CFZfrL67FPhE6zNiXJHyAJbLto19XnVuxi7G3LRUnx66h1ttzpdmPk8-JtJI0v-dvjtPpKHXzzv-Px
915f1f5b8ecdea3103Z609i1FlpV,腾讯云-规划架构师（AI&GPU方向）,30-60K·15薪,['云计算架构'],本科,3-5年,腾讯,深圳,蔡女士,"免费班车, 补充医疗保险, 五险一金, 带薪年假, 公仔周边活动, 节日福利, 员工旅游, 免费健身房, 住房补贴, 包吃, 餐补, 零食下午茶, 股票期权, 免费早晚餐, 定期体检, 年终奖, 交通补助",https://www.zhipin.com/job_detail/915f1f5b8ecdea3103Z609i1FlpV.html?securityId=vNxheOVVqK5vR-V17o_yjb0VI1gQi9K1ma91ZymRw9E0P4bqDyF_Uh3ff1fvvR230QIa7sITy5s-2wpUE_6JAnKesXJfSbItvYpy1qVWNPKwdgT9KOht
cafa0d8ffeb938c003V409W7GFdX,游戏研发项目管理,13-20K·14薪,[],本科,3-5年,腾讯,武汉,许先生,"有无线网, 节日福利, 定期体检, 公仔周边活动, 交通补助, 带薪年假, 免费健身房, 免费班车, 团建聚餐, 员工旅游, 年终奖, 补充医疗保险, 意外险, 五险一金",https://www.zhipin.com/job_detail/cafa0d8ffeb938c003V409W7GFdX.html?securityId=iXQOkX6Wge9Ni-61ErPgB7QFo4XNUc_5OaOVJaEmzlZAanfUXhIm34IWOnhzrQVAxSaKB6OVSV5b_DYwGXpg7vVWjODWS5gFenLoVOFogb14
1337bf0126f8e65c03d809q4GVBX,腾娱-UE特效-3A品质UE5动作游戏（深圳）,15-25K·14薪,"['写实', '第一人称', '动作冒险', 'UE4', '五险', '五险一金']",大专,3-5年,腾讯,深圳,李女士,"零食下午茶, 定期体检, 股票期权, 住房补贴, 免费班车, 免费早晚餐, 五险一金, 带薪年假, 交通补助, 员工旅游, 年终奖, 补充医疗保险, 免费健身房, 餐补, 包吃, 公仔周边活动, 节日福利",https://www.zhipin.com/job_detail/1337bf0126f8e65c03d809q4GVBX.html?securityId=6HMtSXJ2elub2-P1FlqSrDLRkNOYK-wzWQI2EEYeSM1hkVnBThvagh3opKMbg_9QZ8hTLs1m9sbvM-JMaqyEjgsABDaDjIm8YJpZB6Ip5ZGTYiKq3xvw
c98152826817a64d1nB5396-GFFZ,云存储运维工程师,15-30K·16薪,"['集群运维', '存储运维', 'Linux', 'Python', '分布式技术', 'ELK', 'GlusterFS', 'K8S']",本科,3-5年,腾讯,西安,金先生,"节日福利, 公仔周边活动, 意外险, 有无线网, 免费班车, 五险一金, 年终奖, 定期体检, 带薪年假, 团建聚餐, 员工旅游, 补充医疗保险, 交通补助, 免费健身房",https://www.zhipin.com/job_detail/c98152826817a64d1nB5396-GFFZ.html?securityId=qXbvv2JuGWFLk-91cIg5cPJ6ciy2eHw2YXjDxtqyjB83F7EOAexdB5zMCUMx6uqaCNepJ4yUBOMv9vs8_SmVmyeaub3Jb_hJMWmiRvVAURn5
532cbc429fb219281HN43dq4E1RR,高级mac软件开发工程师,30-60K·16薪,"['C++', 'C', 'QT', '桌面开发经验', 'mac客户端']",本科,3-5年,腾讯,深圳,聂先生,"公仔周边活动, 带薪年假, 团建聚餐, 有无线网, 年终奖, 节日福利, 员工旅游, 免费班车, 定期体检, 意外险, 补充医疗保险, 交通补助, 五险一金, 免费健身房",https://www.zhipin.com/job_detail/532cbc429fb219281HN43dq4E1RR.html?securityId=V5lrNSaw2sUwW-C15dq61cEEvei2thlRMjA1VXqdQ_DnTiPNpEwPkrHrucmDYlgaxCFT7_VtNWPMBwhsbAWMhGSBXTdECUBVGy2ppUzU5OwZ
03f86fd801d57a6d1H193Nu1FVNU,《王者荣耀世界》游戏数据分析(上海),30-55K·15薪,['游戏'],本科,5-10年,腾讯,上海,蔡女士,"节日福利, 餐补, 交通补助, 免费班车, 免费健身房, 员工旅游, 年终奖, 零食下午茶, 补充医疗保险, 包吃, 定期体检, 股票期权, 公仔周边活动, 带薪年假, 住房补贴, 免费早晚餐, 五险一金",https://www.zhipin.com/job_detail/03f86fd801d57a6d1H193Nu1FVNU.html?securityId=D3ZkK57TssS6w-v1N9aWXwEWwqT18oxmmmHl5jX3NkC6T58rDipyXjRJRk-ceXt4BYrke1qrxS9uWVUgxmPuCg3Iqesqk4jc5ZloS2Dxz4AaC027KHw~
07d899293ede16771HN53d-6F1VQ,《王者荣耀》国际版数据分析（成都）,15-16K·16薪,"['SQL', '数学/统计相关专业', '数据分析/挖掘经验']",本科,5-10年,腾讯,成都,王女士,"零食下午茶, 定期体检, 节日福利, 包吃, 免费早晚餐, 免费健身房, 股票期权, 交通补助, 五险一金, 公仔周边活动, 员工旅游, 补充医疗保险, 带薪年假, 餐补, 住房补贴, 年终奖, 免费班车",https://www.zhipin.com/job_detail/07d899293ede16771HN53d-6F1VQ.html?securityId=QftL8OlASTL0w-41BB_-x7H-RIoKxfkoPa5IAclWj6W-XfyJ2OkxVlnedCTh7w6I4v4hAVtgTTctCJwKf-UbxcQnngnxVgTQiYSgn6C50i3gIAcqbEJGHG_P7uUBJk6qnKfRWTWbimCWSVsIqB73T8eZ
2017f0993c8633b21HR92tu_EVdZ,大数据运维工程师,25-50K·14薪,"['Hive', 'Spark', 'Java', 'pulsar', 'kafka']",本科,5-10年,腾讯,深圳,江先生,"节日福利, 免费健身房, 补充医疗保险, 带薪年假, 意外险, 年终奖, 有无线网, 员工旅游, 交通补助, 免费班车, 公仔周边活动, 五险一金, 定期体检, 团建聚餐",https://www.zhipin.com/job_detail/2017f0993c8633b21HR92tu_EVdZ.html?securityId=ryIJLdeq0j95G-K1SReB2-3XefFfp9yco4QA6_mtCs8swEYXFHFCfv3BoLQLyYzyroKGqJ5Sq0Nu_-wUdIGfq1_fz3DziNHC48RM_95AjezNioO6krRY2kyRpz-bjBdjo1HrjDF0oo9fwis9
0fb93439352cb68003B63tq6EFNT,ima-策略产品经理,30-60K·15薪,"['机器学习类AI', '语义类AI', 'C端产品', 'B端产品']",本科,3-5年,腾讯,北京,廖女士,"餐补, 股票期权, 零食下午茶, 免费班车, 免费早晚餐, 免费健身房, 住房补贴, 交通补助, 补充医疗保险, 五险一金, 带薪年假, 节日福利, 包吃, 员工旅游, 定期体检, 公仔周边活动, 年终奖",https://www.zhipin.com/job_detail/0fb93439352cb68003B63tq6EFNT.html?securityId=fJuWXO-pPO5xa-W1EiQ9aUT5tZMSecFZeFB-gnAkxgNrIBYbdpoLyyMYXSkz_B4s0OKZ1ve6S783iBDo5VrjewNtmpikFEXezVxuA3UJ7bfvHqQVthZb9_agYnKYly1CFbrZ4v3d_kGkGF93r5wa_Pcy
35f1dc6d116cfa1003Z93t26FVBZ,云计算AI平台开发工程师-西安（云智）,14-22K·14薪,"['C++', '高性能']",本科,3-5年,腾讯,西安,范女士,"员工旅游, 带薪年假, 住房补贴, 免费班车, 零食下午茶, 节日福利, 免费健身房, 五险一金, 交通补助, 年终奖, 股票期权, 包吃, 公仔周边活动, 免费早晚餐, 定期体检, 餐补, 补充医疗保险",https://www.zhipin.com/job_detail/35f1dc6d116cfa1003Z93t26FVBZ.html?securityId=NeY3Cc-8r3EoC-v1YCTRgUGYNKRC0HTHbGyjMTfUCTZStS3xqTMfy-ITRF91CGerinNpFWg6IPogD5Ur4EWw0CFhp9WJoiGw7y8DO390VfyaDGR64aU~
7652541955d4763b1HV-2tq1GVdS,腾讯云数据库产品架构师(公有云),30-50K·14薪,['数据库解决方案架构师'],本科,5-10年,腾讯,上海,田先生,"定期体检, 免费早晚餐, 交通补助, 包吃, 餐补, 带薪年假, 股票期权, 零食下午茶, 员工旅游, 节日福利, 公仔周边活动, 免费健身房, 免费班车, 补充医疗保险, 年终奖, 五险一金, 住房补贴",https://www.zhipin.com/job_detail/7652541955d4763b1HV-2tq1GVdS.html?securityId=dnDM61JEDkdIp-b1ThHtfVRVzTDl02VcCKcIE4zdKWvWNyloeFDHQE3rWxeK2e6_zQGK2BDKf0PlsZf5C6PEF-kaltA6rZdRLR8KSvf2ggYJ9qfkZjg1
f2328735398195ee03B62Nm8GVVS,AI​大模型开发工程师,12-24K·14薪,"['Golang', 'Java']",本科,3-5年,腾讯,厦门,程女士,"包吃, 员工旅游, 年终奖, 免费健身房, 餐补, 免费班车, 定期体检, 带薪年假, 零食下午茶, 节日福利, 住房补贴, 交通补助, 补充医疗保险, 公仔周边活动, 五险一金, 免费早晚餐, 股票期权",https://www.zhipin.com/job_detail/f2328735398195ee03B62Nm8GVVS.html?securityId=krNa0j6FAp3hY-21CL2p9Of875Te6AKO6z3TvmMxZ6BQoud60lzS_JSvEXw_2giHsTqAdhIHJmeIlK60mt59Sr47jImfYAFcifmA6dSN_HeRgu8hGyw~
1b24fd6f7798859e1HB429S4ElBX,3d动画师-腾娱互动,11-19K·14薪,"['Unity', 'Maya', '动作冒险']",大专,1-3年,腾讯,武汉,康女士,"补充医疗保险, 五险一金, 股票期权, 员工旅游, 零食下午茶, 带薪年假, 年终奖, 免费健身房, 免费早晚餐, 餐补, 免费班车, 节日福利, 住房补贴, 定期体检, 公仔周边活动, 包吃, 交通补助",https://www.zhipin.com/job_detail/1b24fd6f7798859e1HB429S4ElBX.html?securityId=Ej04ydhr32BzX-g1QLUhHDnbis8t_NI1VQol972A42HBC3fcFt2hej1EVXcT9oHxKvYP_7mVQhFVbANEXOgYmhbQzebdXf9vOrO4AHdzhjXhCwIa_w8~
add370460f38f11303Z-09m_GVFU,腾讯深圳AI业务高级全栈开发工程师,35-65K·15薪,"['node', '前后端', 'JavaScript/TypeScript', 'node.js', 'Node.js开发经验', '服务端开发经验', '前端', '全栈', 'Node.js', '后端', '前端开发经验']",本科,5-10年,腾讯,深圳,李女士,"五险一金, 交通补助, 补充医疗保险, 股票期权, 年终奖, 定期体检, 住房补贴, 免费班车, 零食下午茶, 节日福利, 公仔周边活动, 带薪年假, 包吃, 餐补, 免费健身房, 员工旅游, 免费早晚餐",https://www.zhipin.com/job_detail/add370460f38f11303Z-09m_GVFU.html?securityId=zuxKyCnyTZK33-51qFWKnmttHdMcGHBbv_CCzaaWA5nAvsdiG1ru26hzXIsOdR_rvMxb5zVEjWm7up2dgbN2R_whYHpCogcdYpgodgW0gJXrSWNgt-A~
06cf35033c3fa8ea3nB63tW1F1A~,移动web前端,20-40K·16薪,"['前端开发', 'JavaScript', 'HTML5', 'Vue', 'Node.js', '计算机/软件工程相关专业', '前端开发经验']",本科,1-3年,腾讯,深圳,邵先生,"住房补贴, 餐补, 免费早晚餐, 带薪年假, 股票期权, 公仔周边活动, 节日福利, 免费班车, 定期体检, 五险一金, 年终奖, 包吃, 补充医疗保险, 零食下午茶, 免费健身房, 员工旅游, 交通补助",https://www.zhipin.com/job_detail/06cf35033c3fa8ea3nB63tW1F1A~.html?securityId=PFg7MNAxCaW7K-_1pN_TNU4Vy7zvC-8NeJ7km_sioJ9c39badc1QfYOU_8TNBv5Z7Wd-XEgW1K9kwldBT8NCK6smb1bnHkKoS0LPTJxaId4XcsXYdUk~
89e714a6c219588f1HF52dq5E1pW,研发效能技术架构师（深圳/北京）,30-50K·16薪,"['devops', '研发效能']",本科,3-5年,腾讯,深圳,李先生,"员工旅游, 补充医疗保险, 五险一金, 年终奖, 包吃, 免费班车, 餐补, 零食下午茶, 公仔周边活动, 节日福利, 免费早晚餐, 带薪年假, 定期体检, 住房补贴, 交通补助, 免费健身房, 股票期权",https://www.zhipin.com/job_detail/89e714a6c219588f1HF52dq5E1pW.html?securityId=JZ-FP0WF3hWQw-F1g1DKRUfLZdTG3GrZHdeKfFUfcgOTYQQuZNu4kEz3t1F_B2wATXki7eDAVmd6vUrn08r8j76ffIIMToMp5FZ5pGHfEwI_fHpx7g~~
9cd19c89413019dd03d83ty_E1dT,腾讯云网络高级后台开发工程师,30-60K,[],本科,5-10年,腾讯,杭州,孙女士,"股票期权, 节日福利, 免费早晚餐, 带薪年假, 交通补助, 补充医疗保险, 员工旅游, 餐补, 免费健身房, 年终奖, 定期体检, 公仔周边活动, 五险一金, 零食下午茶, 住房补贴, 免费班车, 包吃",https://www.zhipin.com/job_detail/9cd19c89413019dd03d83ty_E1dT.html?securityId=Zbxaic_4Kghgy-h1AKJpEorqTy5JwJqLNBYrB4q6fG7tFCPGJyR9r-inkXtbeJHdFMbYrM330LCPSOQqZas51_miPnuGHr6MyrpLxkn89OmgUDMlqQ~~
fb1ebcf67e040c5c03R72du1E1VW,技术美术-《洛克王国》腾娱,11-20K·14薪,"['Houdini', 'Blender']",大专,3-5年,腾讯,武汉,陈女士,"员工旅游, 包吃, 交通补助, 住房补贴, 零食下午茶, 公仔周边活动, 免费健身房, 股票期权, 定期体检, 年终奖, 五险一金, 带薪年假, 餐补, 免费早晚餐, 节日福利, 免费班车, 补充医疗保险",https://www.zhipin.com/job_detail/fb1ebcf67e040c5c03R72du1E1VW.html?securityId=fG6JeJ3OEKXoE-I1ty1Zzy5pO7gASn_FC26pg9H6-kJ2URhbsxPIX9igPr6huXCHyettErGUbUXH-fuLcECoRX4TunHyrxCX-Og7N_Ov4s3bFthi2io~
e0e67e10f5fe0d511Hxy3d65GVVQ,腾讯云-泛互联网行业解决方案架构师,30-60K·15薪,['云计算架构'],本科,5-10年,腾讯,深圳,余女士,"五险一金, 定期体检, 补充医疗保险, 节日福利, 股票期权, 公仔周边活动, 员工旅游, 免费班车, 餐补, 交通补助, 包吃, 年终奖, 免费健身房, 带薪年假, 零食下午茶, 免费早晚餐, 住房补贴",https://www.zhipin.com/job_detail/e0e67e10f5fe0d511Hxy3d65GVVQ.html?securityId=1XgM0JAceAkqI-j1p8E1eM4aqjwBiaKxZgX1yemD3K9ohfo-d2YEpW0xOJAY9Q6Yq_O7kUt9aB3v4_o4b9aJAJP_qSEukr0flfuUDb1n0xrCGpfzfV0~
e19bfa04a7c81ac903V43dW4ElZV,腾讯投资分析实习生（理工方向）,450-500元/天,"['接受实习/在校生投递', '全栈无侧重', '计算机相关专业', '全栈项目经验']",本科,,腾讯,上海,雷女士,"股票期权, 免费健身房, 免费班车, 包吃, 住房补贴, 免费早晚餐, 节日福利, 补充医疗保险, 餐补, 公仔周边活动, 定期体检, 零食下午茶, 员工旅游, 五险一金, 交通补助, 年终奖, 带薪年假",https://www.zhipin.com/job_detail/e19bfa04a7c81ac903V43dW4ElZV.html?securityId=DA0Pddq8JwDM6-r1idtybCTxtxf65wvxLCOsA9y1Bw6_R0DoXvb-VWLbQS94mxSTzGrMtkIGo3ZCQLyr2Q5bqxm_FDUBxe5IQfTcXiBzPm3uuGvyzSRUb_oTOp1LZ-tIdefuZttaVESeBZ54T-ZTP_Vw
90c222f02b2ee0a31HFz3ti_GFVT,图数据库内核开发工程师（北上杭深）,50-80K·15薪,"['C++', '分布式经验']",本科,5-10年,腾讯,北京,熊女士,"免费健身房, 免费早晚餐, 零食下午茶, 年终奖, 包吃, 五险一金, 员工旅游, 股票期权, 餐补, 交通补助, 节日福利, 定期体检, 住房补贴, 免费班车, 补充医疗保险, 公仔周边活动, 带薪年假",https://www.zhipin.com/job_detail/90c222f02b2ee0a31HFz3ti_GFVT.html?securityId=N8NEotjYyLhNq-H10tH7-PHfPYatcsNBsDgA-BMVzcREeQpGfO74kAW-raHV5vACM0bAncCntBMBfBhNIM4C7uMEclWiPaUq5eV5-29rGCONNVHaz1Dw
d3620584048e249903F83Ni6FlRX,"[C++,golang]后台开发工程师",30-60K,"['Golang', 'Java', 'C++', 'C', '分布式经验', '微服务经验', 'MySQL', 'Redis']",本科,3-5年,腾讯,深圳,马先生,"补充医疗保险, 节日福利, 免费班车, 有无线网, 意外险, 免费健身房, 年终奖, 交通补助, 员工旅游, 五险一金, 带薪年假, 公仔周边活动, 团建聚餐, 定期体检",https://www.zhipin.com/job_detail/d3620584048e249903F83Ni6FlRX.html?securityId=qDrTI5I5ovZS7-P1N9ofvULiy-xompxz3Ob4wAdJ-rtEoB_aKU6RBiHcTkgKJZVNkt9d8qXYWBV403SHMey1irTZHFsoOhMa8VXCjmAHkrKFmQ~~
e64647d014d0da3003d_0tm-E1BY,3D角色设计（腾娱）,140-150元/天,['周末双休'],本科,,腾讯,大连,张先生,"定期体检, 五险一金, 团建聚餐, 交通补助, 意外险, 免费健身房, 员工旅游, 节日福利, 补充医疗保险, 免费班车, 带薪年假, 年终奖, 公仔周边活动, 有无线网",https://www.zhipin.com/job_detail/e64647d014d0da3003d_0tm-E1BY.html?securityId=ebIpCROD3ROTu-61SgJzJs_nLZBkHv9ddyZ3jCZ7doQpUIJCnV1xfYKp9Bs7pw5JGHENt8M6J6Q7AUxSkopd7DI2-SYWVAC17mwPlBhXVbSa
5a18d064f04b6f0d03B63tW0GFRW,ima-策略产品经理(深圳/北京),25-50K,"['B端产品', '策略产品', 'AI产品', 'agent']",本科,3-5年,腾讯,北京,陈女士,"公仔周边活动, 免费班车, 补充医疗保险, 免费健身房, 免费早晚餐, 员工旅游, 节日福利, 股票期权, 年终奖, 交通补助, 包吃, 五险一金, 住房补贴, 零食下午茶, 餐补, 定期体检, 带薪年假",https://www.zhipin.com/job_detail/5a18d064f04b6f0d03B63tW0GFRW.html?securityId=6PkpB188lqWYS-T1Uez5kdT6c6iyr5aBNjhzs_EAlzVs5cenWgaObmVJay4gdaNa5ovDbMWuOthaRQ-rlVO5Jq7cpRJHYQtuOqozqkODskgw0cF_EgIp
f6638a8b185bf41e1XR_3N27FFtY,SLG手游服务器开发,25-50K,"['Java', 'C++']",本科,经验不限,腾讯,上海,游先生,"免费早晚餐, 公仔周边活动, 股票期权, 节日福利, 交通补助, 免费班车, 住房补贴, 零食下午茶, 定期体检, 五险一金, 员工旅游, 带薪年假, 免费健身房, 包吃, 年终奖, 餐补, 补充医疗保险",https://www.zhipin.com/job_detail/f6638a8b185bf41e1XR_3N27FFtY.html?securityId=h0a0o1Czg6_rE-s1BSq2SEJgEMeLY1POzQAH78xkJlIz1g-4AkvNDpvLvIhR4vmzyXUUxIFcB0gSU5M3a1OYfPWWCkmOtb-w0XCHxWYvAlFZHC4wZX4~
3005a9f74c86dd6d1HNy09--EVNZ,混元aigc算法研究员-3d生成,40-70K·16薪,"['大模型算法', '多模态算法', '发表算法相关优秀论文', '参加算法相关竞赛/获奖', '3d生成']",硕士,经验不限,腾讯,北京,秦女士,"五险一金, 带薪年假, 公仔周边活动, 零食下午茶, 年终奖, 免费健身房, 免费班车, 定期体检, 交通补助, 节日福利, 餐补, 免费早晚餐, 股票期权, 员工旅游, 补充医疗保险, 住房补贴, 包吃",https://www.zhipin.com/job_detail/3005a9f74c86dd6d1HNy09--EVNZ.html?securityId=dmoXMM_YlLw3n-a1PeFOUJYPcgPJ2IBfTAE300P6kGPArRMbwYQDbBrRYoiOAMDIehnkbku0Fzx40zbibYgE0EzrZABayFjO1geCenQ-FEiRL0JxrtXr
645a7daa153db75c03d93tS6E1VX,游戏高级算法研究员,40-70K·17薪,[],硕士,3-5年,腾讯,深圳,孙先生,"包吃, 免费早晚餐, 公仔周边活动, 交通补助, 节日福利, 年终奖, 补充医疗保险, 定期体检, 股票期权, 带薪年假, 住房补贴, 零食下午茶, 五险一金, 免费健身房, 免费班车, 餐补, 员工旅游",https://www.zhipin.com/job_detail/645a7daa153db75c03d93tS6E1VX.html?securityId=yeK7RDGM-m9dD-W1xJ54jlBC5ZL381BU1-8fkKetMUvBo1P46-CaeF3aj9JOgBuB9FgzMmXgwy3fBhxaJVTFgWnINWLLJNmBlAoSszxeOP9PzajsXUc~
9f950cec51e468bb1H1z2ty0EVdU,安全测试实习生（项目实习生）,130-150元/天,"['渗透测试经验', '计算机/信息安全相关专业', '攻防对抗经验']",本科,,腾讯,深圳,刘先生,"补充医疗保险, 免费班车, 交通补助, 团建聚餐, 年终奖, 定期体检, 意外险, 节日福利, 公仔周边活动, 员工旅游, 有无线网, 免费健身房, 五险一金, 带薪年假",https://www.zhipin.com/job_detail/9f950cec51e468bb1H1z2ty0EVdU.html?securityId=CxHpA3eQWDXQz-F1_74ZqLb6rIFlh5DFSQAT5c4MFZm0NtanVDRYwlwdm_PcQoRwXNrWqB1WbIZ31Gv434oKHoCj_FfsEoWexVMsV5ZeiOIM
c92f67da609bf14603F90t--FlFZ,三角洲行动海外商业化运营,15-30K·16薪,[],本科,3-5年,腾讯,深圳,房女士,"定期体检, 团建聚餐, 有无线网, 交通补助, 意外险, 员工旅游, 补充医疗保险, 带薪年假, 年终奖, 节日福利, 公仔周边活动, 免费班车, 五险一金, 免费健身房",https://www.zhipin.com/job_detail/c92f67da609bf14603F90t--FlFZ.html?securityId=_EhewDVEsAxFG-e1dootcORiOwwzJo1uLmoeAvighI6kxHkthJB53LgXlAYV8fL_I-zNxI6DcbaIpPQ7g8c-cT0FAJGQXfcDlqfZSuADkcEDPQ~~
8108b671d712f5cc03B63tS5ElNW,QQ浏览器-高级产品策划经理-agent方向,30-50K·15薪,"['Agent', 'C端产品', 'AI产品']",本科,3-5年,腾讯,深圳,陈女士,"五险一金, 免费健身房, 补充医疗保险, 年终奖, 住房补贴, 交通补助, 节日福利, 股票期权, 员工旅游, 公仔周边活动, 带薪年假, 零食下午茶, 定期体检, 包吃, 免费早晚餐, 餐补, 免费班车",https://www.zhipin.com/job_detail/8108b671d712f5cc03B63tS5ElNW.html?securityId=g68DpmFvZAB7n-y14vbpgMdTCkxb1K2xkSWa9jtY-2IAFuwAt5yHO7Y12rb_XMf5_-79fbykJpOv5HXX7u_F18N7-hkNeuGbjVAnL4Qa5CwSXjkKOrVs0J1KlRbtsaJWxvFZ6fC2ECYXmEJ0Hp-rfkGg
702ffe1738e0835e03B73di6GFNZ,【腾娱】UE特效（雪中悍刀行）,12-20K·13薪,"['五险一金', '带薪假期', '年终奖', 'MOBA游戏', '周末双休', '仙侠风', 'UE4', '餐补', '动作冒险']",大专,1-3年,腾讯,广州,何女士,"包吃, 员工旅游, 零食下午茶, 公仔周边活动, 免费健身房, 五险一金, 定期体检, 餐补, 住房补贴, 补充医疗保险, 年终奖, 股票期权, 带薪年假, 免费班车, 节日福利, 免费早晚餐, 交通补助",https://www.zhipin.com/job_detail/702ffe1738e0835e03B73di6GFNZ.html?securityId=-4tOra1iqrUpu-I1BImcNOWOerGpPV3Fe2SSpFWikPfQviwug5UoFBdrnK-MGI9zabNSGC2sfZDHXfsbjwayOLMYp-yj465N1G6MvKySrxjPiy3sW_g~
b7d9988291ef853903R93N2-GVpV,内容生态安全审核,5-6K,"['接受夜班/倒班制', '不接受居家办公', '图片审核', '内容审核', '文本审核', '视频审核', '语音审核']",大专,经验不限,腾讯,重庆,徐女士,"住房补贴, 免费班车, 员工旅游, 定期体检, 股票期权, 包吃, 年终奖, 带薪年假, 五险一金, 餐补, 补充医疗保险, 零食下午茶, 交通补助, 免费早晚餐, 公仔周边活动, 免费健身房, 节日福利",https://www.zhipin.com/job_detail/b7d9988291ef853903R93N2-GVpV.html?securityId=sLLe0I-oiBmyY-R1un7irRqSHM1ztE21IM1aXsI0KRglGTjz_zs_FX-T2534hTtUiY3NphvP2ACYG8H7qHr_gC6ABStUVnt139T5tn2xKVYzgAp9Jszr
031f3efe897b62f103V40tW9F1pW,用户研究经理,20-40K·14薪,"['游戏研究', '用户研究', '市场分析']",本科,经验不限,腾讯,深圳,张女士,"节日福利, 定期体检, 五险一金, 补充医疗保险, 公仔周边活动, 交通补助, 免费班车, 免费健身房, 有无线网, 年终奖, 带薪年假, 团建聚餐, 员工旅游, 意外险",https://www.zhipin.com/job_detail/031f3efe897b62f103V40tW9F1pW.html?securityId=sv1WtsDc-Vt0g-M11N8v4Px5MKEC3T0fF7LtaLIvAczFnJvEa2cYFm1NhcEGByJyLNxC8tFXBV2CBMwwQfatKv0tG7Pg-q6WELysw0qquUmY
294de7e641f8142003V_09W9FldY,腾讯云代码助手-产品售前架构师(西安),20-28K·14薪,"['售前技术支持经验', '云服务', '其他类型SaaS/PaaS', '软件研发经验']",本科,5-10年,腾讯,西安,汪女士,"员工旅游, 公仔周边活动, 住房补贴, 交通补助, 包吃, 股票期权, 节日福利, 零食下午茶, 餐补, 免费早晚餐, 年终奖, 免费健身房, 定期体检, 免费班车, 五险一金, 补充医疗保险, 带薪年假",https://www.zhipin.com/job_detail/294de7e641f8142003V_09W9FldY.html?securityId=bvW49MJclnq0G-B1BDEa9XajjblmFQjklSu6-sS8I_CQhZMhSFduylSLdMEGnpaDI0qDlIonKrETXtG5Hp1ZAKGnUYhlooQaujC1p_KvGA8HZHYdK88~
3e7ee3ca17d042c41nx939-8FVFU,iOS,35-45K·16薪,"['IOS', '移动端', 'Objective-C']",学历不限,经验不限,腾讯,北京,赵先生,"定期体检, 团建聚餐, 员工旅游, 股票期权, 带薪年假, 公仔周边活动, 补充医疗保险, 交通补助, Q 米, 免费班车, 包吃, 零食下午茶, 免费早晚餐, 通讯补贴, 住房补贴, 节日福利, 年终奖, 餐补, 免费健身房, 五险一金",https://www.zhipin.com/job_detail/3e7ee3ca17d042c41nx939-8FVFU.html?securityId=yFIjU5qUftpET-r1EQK1XETE_YqkmxqiXDzip9t_GpDE2xkSRVpUET3AvWs1RMZrj9f8AkLBnxeQWM5RQk6BxdEo28UxTgM5VK0Rbo0eXBaDTCjl0T8~
daf3e07cbb67194d03dz3d--EFdQ,【校招】腾讯云轻量产品经理,14-17K·14薪,"['B端产品', 'C端产品', '商业产品', '云计算产品']",本科,在校/应届,腾讯,长沙,王女士,"交通补助, 补充医疗保险, 员工旅游, 定期体检, 免费健身房, 带薪年假, 零食下午茶, 包吃, 免费班车, 免费早晚餐, 餐补, 节日福利, 公仔周边活动, 年终奖, 股票期权, 住房补贴, 五险一金",https://www.zhipin.com/job_detail/daf3e07cbb67194d03dz3d--EFdQ.html?securityId=67hW4srdM3Y9Y-u1gCkvm-KTG7dx_CT2CdO8afPbxEaRJT_jwp3-jQOJ2epPasHmrJSPP-Zp437hLfDMEpXquc8Etqdr_S9x7elQLbFNPAZ9ASo-bfBP
a3cdb292916b78a81HF-3d-4FVpV,腾讯云-SRE工程师-DNS稳定性,15-25K·14薪,"['Python/Shell', 'Golang', '计算机相关专业', '运维开发经验', 'DNS']",本科,3-5年,腾讯,西安,李先生,"公仔周边活动, 免费班车, 补充医疗保险, 住房补贴, 股票期权, 零食下午茶, 节日福利, 定期体检, 免费健身房, 交通补助, 餐补, 年终奖, 五险一金, 员工旅游, 包吃, 带薪年假, 免费早晚餐",https://www.zhipin.com/job_detail/a3cdb292916b78a81HF-3d-4FVpV.html?securityId=jiJIa4hDwkBdC-s1j-fYS2fbwxjLhshezP-2qJHxjhR_dUJP9S5Z2zeMlT4ytJHppQ4C5CZ7jeVIIh8fsQvTTM02yn941JehplTN9x7L9ZJWCGBIXw~~
e82d88953246f4a01XNz29S-EFVQ,产品经理【内推】,20-40K·16薪,"['B端产品', 'C端产品', '中台/后台产品']",本科,1-3年,腾讯,北京,王先生,"团建聚餐, 定期体检, Q 米, 带薪年假, 补充医疗保险, 公仔周边活动, 交通补助, 包吃, 零食下午茶, 免费健身房, 住房补贴, 免费班车, 员工旅游, 年终奖, 股票期权, 五险一金, 餐补, 节日福利, 通讯补贴, 免费早晚餐",https://www.zhipin.com/job_detail/e82d88953246f4a01XNz29S-EFVQ.html?securityId=pLvGFcZVszLIS-m1lv-_t67GTJNH3FmauyMDWMjFW5wNgEroFo_BVnng8f8BO32wWuaS5RshUo84_p8syX3JlR5n_FUgWjgVj9nR_GUmxxOKyQBAnqc~
8201d11d5a1bbf671nZ70ti6ElZW,云服务器产品经理（本地、混合场景）,25-40K·14薪,"['产品设计', '云计算产品', '市场调研', '需求分析', '产品规划', 'TO B', '云计算']",本科,3-5年,腾讯,深圳,贾先生,"五险一金, 年终奖, 补充医疗保险, 节日福利, 免费早晚餐, 员工旅游, 餐补, 定期体检, 带薪年假, 零食下午茶, 住房补贴, 免费班车, 公仔周边活动, 包吃, 交通补助, 股票期权, 免费健身房",https://www.zhipin.com/job_detail/8201d11d5a1bbf671nZ70ti6ElZW.html?securityId=52CshlW9wB6z2-V15DSNVWPB89CYXSwPo47PcIv_IytshhN3IOqBY42Hx1sxLm7GtmqN-zbVubV-X9mcydfcab-txvivc0vkrzFFmbFWNyz-1DrUbc8~
3809b763a64e6f431X1-3N-1F1tW,后台开发工程师,25-50K·16薪,"['Golang', 'Java', 'C++', '计算机相关专业', '中大型项目开发经验', '系统架构设计经验']",本科,1-3年,腾讯,深圳,姜先生,"五险一金, 员工旅游, 定期体检, 节日福利, 团建聚餐, 年终奖, 补充医疗保险, 有无线网, 带薪年假, 免费健身房, 免费班车, 意外险, 交通补助, 公仔周边活动",https://www.zhipin.com/job_detail/3809b763a64e6f431X1-3N-1F1tW.html?securityId=mwIMXCkI4ZNAb-Q1y6ftLvvnxSistpwAjT_AESWshJ27rCce1EhMuwxKTHpN7AJZyMp5ofJKhWJdehhuG_oqPK1EEZ5i24kHq_Msrbck8SeM
ad66831bebf6fe801H192Ny4EFVQ,二次元项目-资深特效设计,30-60K·15薪,"['二次元', '动作冒险', '模拟经营']",学历不限,经验不限,腾讯,广州,李女士,"带薪年假, 定期体检, 股票期权, 免费健身房, 补充医疗保险, 住房补贴, 节日福利, 公仔周边活动, 零食下午茶, 包吃, 员工旅游, 免费早晚餐, 五险一金, 交通补助, 免费班车, 年终奖, 餐补",https://www.zhipin.com/job_detail/ad66831bebf6fe801H192Ny4EFVQ.html?securityId=mc9MCk4CF1nc2-c1vsh4DoxpgfJPFjbK_dF356sdWjEyO17PNkGenKxq6K6IVmpZ8K5AcnUm-56emBw3EL7VWSkrGWKXJODDfQLEg0Y_KCJDqacUEmI~
1dcccd41ed40f1521HJ609W-FVBT,王者世界测试工程师（美术向）—腾讯子公司,15-30K·14薪,['美术QA'],本科,3-5年,腾讯,上海,刘先生,"餐补, 免费健身房, 年终奖, 股票期权, 补充医疗保险, 免费班车, 员工旅游, 包吃, 住房补贴, 带薪年假, 节日福利, 免费早晚餐, 定期体检, 公仔周边活动, 交通补助, 五险一金, 零食下午茶",https://www.zhipin.com/job_detail/1dcccd41ed40f1521HJ609W-FVBT.html?securityId=zkA8-8FDfq0kk-o1uCUbk4da4EZEdBwP7LIEMDAVOhEvflI1PllX-GR7xqb_zvS3fOsNHwSbh7Og0llsRKap-Py7o0btx12nPTWKgTBGiiIyxNojx_w~
942160ccb17c62a11HJz09m1GFJQ,音视频开发工程师,20-30K·16薪,"['音视频开发经验', 'C++', 'C', '音视频编解码', 'FFmpeg', '音视频/流媒体开发']",本科,1-3年,腾讯,上海,许先生,"股票期权, 补充医疗保险, 包吃, 免费班车, 五险一金, 餐补, 住房补贴, 免费健身房, 定期体检, 带薪年假, 交通补助, 年终奖, 员工旅游, 零食下午茶, 公仔周边活动, 免费早晚餐, 节日福利",https://www.zhipin.com/job_detail/942160ccb17c62a11HJz09m1GFJQ.html?securityId=jAWyyLZbj8h3j-g1cT93Pcxr4e-ZxTfNC2QMjz73C_LpzRWo07T9QHLlpzwHUg1ndnHdStscWaAiLcxalHz1twC7PNRQTBn8ccLoRNM4nRXCbf5w418~
2abc4f949463d8be03Z82N20GVFQ,英雄联盟手游-资深系统策划,40-60K·15薪,[],本科,3-5年,腾讯,深圳,税女士,"员工旅游, 补充医疗保险, 公仔周边活动, 节日福利, 股票期权, 免费班车, 零食下午茶, 免费健身房, 带薪年假, 免费早晚餐, 定期体检, 餐补, 交通补助, 年终奖, 包吃, 五险一金, 住房补贴",https://www.zhipin.com/job_detail/2abc4f949463d8be03Z82N20GVFQ.html?securityId=mTdIbh8A6F-ks-U1D3B4oJa4GNImyniUL0hYI2iigRYdSwNS2F1dAbYXaKDyYUxQQ93h1AyXLH1dJQMSrKnCfgmWtzi4CjEPubYKbM12dhBFFnxrRzbw
a2b79c80876f1bef1HFz2dy6GFBV,大模型语音算法工程师,45-75K·18薪,"['Java', 'C/C++', 'Python', '计算机相关专业', '声学相关专业', '语音识别工作经验']",硕士,3-5年,腾讯,北京,朱女士,"五险一金, 节日福利, 住房补贴, 包吃, 股票期权, 公仔周边活动, 员工旅游, 免费班车, 补充医疗保险, 带薪年假, 免费早晚餐, 零食下午茶, 年终奖, 交通补助, 餐补, 免费健身房, 定期体检",https://www.zhipin.com/job_detail/a2b79c80876f1bef1HFz2dy6GFBV.html?securityId=TxjFOR2uvhzm--E1rqyKvvC06Uz8eWeQCuzlUtnu42Idg538L0mFO4bjB-xLmTQ_nhBgvmicYt4dI2fBGaIJfd7_zrsdjL-dUnh-v_7GT2D1zy0k6-bn
0b350e601dc102331XJ83t61FVZQ,ui动效设计师,12-20K·14薪,"['AE', 'PS', '3ds MAX', 'UI动效', 'VX']",本科,3-5年,腾讯,上海,潘女士,"免费健身房, 住房补贴, 餐补, 公仔周边活动, 节日福利, 五险一金, 年终奖, 定期体检, 免费班车, 免费早晚餐, 交通补助, 零食下午茶, 带薪年假, 股票期权, 员工旅游, 补充医疗保险, 包吃",https://www.zhipin.com/job_detail/0b350e601dc102331XJ83t61FVZQ.html?securityId=DqS5xbiim10kj-h1WZCIp01XSTGl18leBa6dsg_py3ybTu_tpTqapUwg4nQr6IRvmXMxb_4rsiOVikFzUMG85v03yVArYLSM5xcRBMqXaqeVY9IimiM~
3ef77f4e1c368af61HN-2NS6GFFR,腾讯云-泛互/金融架构师(广州/深圳),45-65K·16薪,['云架构师'],本科,经验不限,腾讯,深圳,蔡先生,"免费健身房, 定期体检, 零食下午茶, 包吃, 补充医疗保险, 住房补贴, 免费班车, 餐补, 股票期权, 五险一金, 带薪年假, 节日福利, 公仔周边活动, 免费早晚餐, 交通补助, 年终奖, 员工旅游",https://www.zhipin.com/job_detail/3ef77f4e1c368af61HN-2NS6GFFR.html?securityId=ikyBPYRsJB65o-n1Xbba1IpmMkGCMwAnBn3j8ceUqotc3CFYwS4oZKwzUdx_HGYDixCdfbPgMHFWA-vhyirCTn1_8iLUeHSO8FSWrsqBU9bDkQuxOCI~
4b9f5a2b509ca6041Xx40t-6FVtQ,SDN/NFV高级研发工程师（武汉）,25-50K·14薪,"['Python', 'Java', 'C', 'Nginx', 'MySQL', 'Redis', '负载均衡技术']",本科,经验不限,腾讯,武汉,兰先生,"住房补贴, 股票期权, 定期体检, 零食下午茶, 餐补, 包吃, 员工旅游, 带薪年假, 公仔周边活动, 交通补助, 年终奖, 免费健身房, 五险一金, 免费班车, 免费早晚餐, 节日福利, 补充医疗保险",https://www.zhipin.com/job_detail/4b9f5a2b509ca6041Xx40t-6FVtQ.html?securityId=ml6LJLuRJPx10-L1Pm79eRxwHgq05rEjQiKs0UX6PYlMv5LQNduY5eC_vSkcyVOnhxQVa_tv5-P4SWxVsHfB73BsG41OIo5-Jkv1J5AeXuN67OSovCLx
cfa10d2247c7e72d1HJ-09i6F1VQ,云存储高级研发工程师,30-60K·15薪,"['Golang', 'C++', '操作系统', '存储']",本科,3-5年,腾讯,深圳,高女士,"交通补助, 员工旅游, 住房补贴, 零食下午茶, 带薪年假, 包吃, 免费健身房, 免费班车, 餐补, 公仔周边活动, 年终奖, 节日福利, 补充医疗保险, 股票期权, 五险一金, 定期体检, 免费早晚餐",https://www.zhipin.com/job_detail/cfa10d2247c7e72d1HJ-09i6F1VQ.html?securityId=Cacf3eTc-bb2R-U1LmNQqCnnyFXrC3VBoNRcvf08n0XtqAQWwn54nzsfcs5Md62cbUeIbHXKW2b96r1JR2hWpkT2mXNgf8R6vylC57Q8OFkgxgi3ZTas
3188f2e5a6dfb13d03Z439-0F1VV,高级游戏数据分析师,30-50K·15薪,[],硕士,5-10年,腾讯,深圳,郑女士,"员工旅游, 免费班车, 免费早晚餐, 零食下午茶, 包吃, 年终奖, 股票期权, 公仔周边活动, 餐补, 补充医疗保险, 节日福利, 免费健身房, 五险一金, 定期体检, 住房补贴, 交通补助, 带薪年假",https://www.zhipin.com/job_detail/3188f2e5a6dfb13d03Z439-0F1VV.html?securityId=fH1fC2pyb2rcn-N1HgK43MIiRkrlnyESmmar63HnHfZxiQZsVroL4rTcECnByg_logQSMXqGgg2tZSelLFqQArsP8i7QRcbCqqPgCs9uJ7JONPuNiFqD
6a2e6ffa5c64e43733Nz2tu8EFQ~,腾讯天美游戏VX设计师,15-20K,"['游戏', '游戏特效', '游戏界面设计']",本科,1-3年,腾讯,深圳,陈先生,"带薪年假, 补充医疗保险, 免费班车, 节日福利, 意外险, 年终奖, 员工旅游, 免费健身房, 交通补助, 公仔周边活动, 有无线网, 定期体检, 团建聚餐, 五险一金",https://www.zhipin.com/job_detail/6a2e6ffa5c64e43733Nz2tu8EFQ~.html?securityId=U4YKOZam4UD2e-b1fuNkD1wBaysn-pBEYaelpgZNOgf13TpjA0GG54vHY_P_oVca9cyztwilVGhswxF7c08A216WigkVFMMrlGHg_87SufY~
2f887c7cbdaf9a711Hd939m5EFFY,腾讯互娱市场与用户研究经理,15-25K·14薪,"['用户研究', '市场研究', '游戏研究', '营销研究']",硕士,3-5年,腾讯,深圳,徐女士,"免费班车, 公仔周边活动, 年终奖, 带薪年假, 节日福利, 交通补助, 团建聚餐, 定期体检, 免费健身房, 有无线网, 意外险, 员工旅游, 补充医疗保险, 五险一金",https://www.zhipin.com/job_detail/2f887c7cbdaf9a711Hd939m5EFFY.html?securityId=5DUZY270Pzhg2-n1Ho7MTP8On9ZdFNT8DjH49saZRgycTVWjH4jrb98urDv1c18qX5eJOCspYvKW1qso6wytAXsvxUqLWu51zT4kP46aDHXUKw~~
83e3099c2f25110203d92Ny8FlBX,高级商业分析师-云计算/AI方向,30-60K·15薪,[],本科,1-3年,腾讯,深圳,林先生,"五险一金, 补充医疗保险, 免费早晚餐, 员工旅游, 免费健身房, 包吃, 年终奖, 免费班车, 餐补, 定期体检, 股票期权, 公仔周边活动, 住房补贴, 零食下午茶, 节日福利, 交通补助, 带薪年假",https://www.zhipin.com/job_detail/83e3099c2f25110203d92Ny8FlBX.html?securityId=Popb9veWhsNgJ-x13kNmRhigEedTB4Ac69Mk09ie4FEGsXTLfjqdCq2Nh_xG54aMBf-dZBYdBWDJ2yXsJBi4i5079Xl3Ub0dslA672l7Pr1L2ZB7NimB
74055145e0ae268203Z909q6EldZ,云存储高级研发工程师(深圳),35-60K·13薪,"['C++', '分布式经验', '存储']",本科,经验不限,腾讯,深圳,肖女士,"零食下午茶, 免费健身房, 定期体检, 免费班车, 住房补贴, 交通补助, 节日福利, 股票期权, 员工旅游, 免费早晚餐, 带薪年假, 公仔周边活动, 年终奖, 补充医疗保险, 餐补, 五险一金, 包吃",https://www.zhipin.com/job_detail/74055145e0ae268203Z909q6EldZ.html?securityId=uMjUJLvcMsWMK-o1kKD03IRzmEVJlgEgU2RmiBqobMbwWf3pYE9U-fhuy9Hu0g4lmjA9aO6wJptgz5wyF-dkrcF-Dh0EWDyz1EaEDvHoqycYgnGen58a
7e7b24718ee5a8fe1HJ-09u0ElJT,存储研发专家,50-70K,"['C++', 'Golang']",本科,5-10年,腾讯,深圳,姚先生,"免费班车, 五险一金, 补充医疗保险, 公仔周边活动, 免费健身房, 免费早晚餐, 年终奖, 股票期权, 交通补助, 零食下午茶, 包吃, 定期体检, 节日福利, 带薪年假, 餐补, 住房补贴, 员工旅游",https://www.zhipin.com/job_detail/7e7b24718ee5a8fe1HJ-09u0ElJT.html?securityId=Cc_87cE3IUNIN-W1R9s2TpzWTLu3Hndmu1QCLaVrHQbjIfnZR4_uYvYxgy0VPNkizMcaOgyw-mAyiOTsC2gWUwKC-gHaNp5SwupPygfcoZU2LQ9_LXqp
d8909d74d7d787ac03B72Ny1E1NY,ima-策略产品经理（深圳/北京）,20-40K·16薪,"['B端产品', '其他方向', '云计算产品']",本科,3-5年,腾讯,深圳,黄女士,"员工旅游, 股票期权, 公仔周边活动, 五险一金, 带薪年假, 年终奖, 交通补助, 零食下午茶, 包吃, 补充医疗保险, 免费健身房, 定期体检, 免费班车, 住房补贴, 餐补, 免费早晚餐, 节日福利",https://www.zhipin.com/job_detail/d8909d74d7d787ac03B72Ny1E1NY.html?securityId=qYwNHpIydFhP1-W1HN5AYv5HZrzFjHMT3craejKFQIkuFnRcRzl_wRlsMncyWv0NocyFRrkSPFgByAHB5bkwrydxHzoB3qMzRuHqM4mtuUfKoK271d0~
b5c8da7f14303f8303Z82968F1JY,商业化-AI审核算法负责人,100-150K·15薪,"['大模型', 'AI', '广告审核']",硕士,5-10年,腾讯,北京,高先生,"年终奖, 餐补, 住房补贴, 包吃, 补充医疗保险, 节日福利, 零食下午茶, 定期体检, 带薪年假, 交通补助, 公仔周边活动, 免费班车, 股票期权, 免费健身房, 员工旅游, 免费早晚餐, 五险一金",https://www.zhipin.com/job_detail/b5c8da7f14303f8303Z82968F1JY.html?securityId=D5BqxjSfhIto--g1Aw8SEyy_8uQvudE2k_OirmirC9WvnR3d7m-S__EnJA28Mqnhuhf60-knDk_harhk3szKy51fUHlQy0Z1daJCzNnJkpg1T_kn6bK5
93aa145359e23b6b1HB43N-7FFBS,芯片设计工程师,30-50K·16薪,"['网络芯片', 'FPGA']",本科,3-5年,腾讯,上海,朱先生,"带薪年假, 补充医疗保险, 员工旅游, 零食下午茶, 免费班车, 五险一金, 定期体检, 年终奖, 节日福利, 住房补贴, 餐补, 包吃, 股票期权, 免费早晚餐, 免费健身房, 交通补助, 公仔周边活动",https://www.zhipin.com/job_detail/93aa145359e23b6b1HB43N-7FFBS.html?securityId=khzsMQEeUw4Kg-Q1N-_tHlvYTX3r0TTPz-_DI-icI6vDJjjceLcxg7zwpgVpz49OrL8FjDx3aGCXF3q_bAj2LcU5U_2Emb3iDUpkgV4bBsKWZers9Nlf
e827f89cd4f0cd4203d-2Nm8FVVT,系统策划（海外SLG方向）,15-30K·14薪,[],本科,经验不限,腾讯,深圳,卢先生,"免费健身房, 团建聚餐, 带薪年假, 定期体检, 免费班车, 补充医疗保险, 年终奖, 节日福利, 意外险, 五险一金, 交通补助, 有无线网, 公仔周边活动, 员工旅游",https://www.zhipin.com/job_detail/e827f89cd4f0cd4203d-2Nm8FVVT.html?securityId=_hxrNYl68IHBf-N1g6OYbxJqjKK7k5WU4SNmEo4VFej3imUV18hVW_drmj46d9mUnVtI9onXPyqkLIiEvFWVQ4P78OwAII37kBnwAXfSxm6GMQ~~
c7fa7f43a0a0131403d42d-9FlNZ,腾讯游戏游戏设备商务合作经理,20-40K·15薪,"['商户合作', '渠道/机构客户开发（销售方向）', '用户拉新', '品牌合作（市场/PR方向）', '品牌合作（商务方向）', '互联网/科技']",本科,5-10年,腾讯,深圳,李先生,"节日福利, 带薪年假, 员工旅游, 年终奖, 交通补助, 零食下午茶, 包吃, 免费健身房, 定期体检, 公仔周边活动, 补充医疗保险, 股票期权, 餐补, 住房补贴, 免费早晚餐, 五险一金, 免费班车",https://www.zhipin.com/job_detail/c7fa7f43a0a0131403d42d-9FlNZ.html?securityId=2uOwIe1YLMxTY-E1CTnxaSximoXENhdLY3Smut4hNidFy1K65KVwB9QVduCjSXpJqDJ_Sey0-45BqCXB9Q3Dyh_ME76GL4fNNBbUtmsSfbohrenmAnU~
f1772cf697b48dc41X1-2t68EFRR,《金铲铲之战》游戏合作管理（策划/PM）,15-30K·14薪,"['MOBA游戏', '自走棋']",本科,3-5年,腾讯,深圳,廖女士,"有无线网, 意外险, 员工旅游, 团建聚餐, 交通补助, 免费健身房, 带薪年假, 年终奖, 节日福利, 免费班车, 补充医疗保险, 定期体检, 公仔周边活动, 五险一金",https://www.zhipin.com/job_detail/f1772cf697b48dc41X1-2t68EFRR.html?securityId=CZ6Ut4JsoNei9-t1OzqXZ1sryEuKyNEaXgezC1fNlxupTHHrNIV11oOfRWULJZgjwwypTcVV6k7Kf75-yodCQo7IDPoeRTc2zpXsXniVHAsqMA~~
2f7792c57017eaf303Bz3dm9FltT,游戏动效设计师,15-20K·14薪,"['界面设计', '动效设计', 'PS', 'AE', 'UE4', '三维设计', '平面设计', '动作冒险', '半写实', '客户端游戏', '欧美现代', '手机游戏', '格斗游戏', '第三人称']",大专,1-3年,腾讯,武汉,杨先生,"免费班车, 定期体检, 有无线网, 团建聚餐, 补充医疗保险, 公仔周边活动, 免费健身房, 五险一金, 交通补助, 年终奖, 节日福利, 员工旅游, 带薪年假, 意外险",https://www.zhipin.com/job_detail/2f7792c57017eaf303Bz3dm9FltT.html?securityId=Au39GgLKCdQMd-91dlZWgnJZ1JYShlqFhYeA-cd_kiKPHM15IAtBuiKiAUp7wKrHHdQWSB2x7vs_5XChEx7_a2FoOVpFtCTP4xis8K01MINJ
9bb5e89e6eb1003103Zz2N26FlFV,游戏视觉设计师-腾娱互动,12-20K,['二次元'],学历不限,1-3年,腾讯,深圳,林先生,"包吃, 免费健身房, 五险一金, 住房补贴, 股票期权, 节日福利, 带薪年假, 交通补助, 公仔周边活动, 免费班车, 定期体检, 员工旅游, 年终奖, 零食下午茶, 餐补, 补充医疗保险, 免费早晚餐",https://www.zhipin.com/job_detail/9bb5e89e6eb1003103Zz2N26FlFV.html?securityId=JffAgddSVlYAJ-a17Eufh3BONhyZP5dijgpMJOPCcdNxoEWPgWOBasRr-mNa8mYoi0BXbs8sZ88OSLvxmMXYgPcJdW_Dt2B0xvINZjIegzqDHaYDAu2gf4A5n0oggnqSTYag_O1z-BLNXW44VSb18nkS
c564fa4859c615ae1HR72Nq_FVJW,前端开发工程师,15-25K·14薪,"['JavaScript', 'React', 'Node.js', '前端开发经验', '不接受居家办公', 'TypeScript']",本科,3-5年,腾讯,西安,文先生,"免费早晚餐, 年终奖, 公仔周边活动, 带薪年假, 餐补, 补充医疗保险, 住房补贴, 员工旅游, 包吃, 交通补助, 定期体检, 节日福利, 免费班车, 五险一金, 股票期权, 免费健身房, 零食下午茶",https://www.zhipin.com/job_detail/c564fa4859c615ae1HR72Nq_FVJW.html?securityId=WYy2cyd2DLXe0-Y1oixFsIxfg3usvZQnikUPTOQ3QDdwoz5GDr3edh9YtGahA8EUlFC-aDTSdCjE3uDdxydZ4rBG-Hh1OycccYdlNrx4Qpnc91p6arw~
b337ec78c5c08ec01XV90ti0F1dS,操作系统开发工程师,20-35K·14薪,"['C语言', 'C语言开发经验', '发行版', 'linux', 'rpm 制作', '计算机相关专业', 'Linux开发/部署经验', '嵌入式开发经验', 'Python']",本科,1-3年,腾讯,西安,朱先生,"年终奖, 免费班车, 员工旅游, 有无线网, 团建聚餐, 带薪年假, 定期体检, 公仔周边活动, 免费健身房, 意外险, 节日福利, 交通补助, 补充医疗保险, 五险一金",https://www.zhipin.com/job_detail/b337ec78c5c08ec01XV90ti0F1dS.html?securityId=phnYOYy6uHTki-Y1LdofCYgr6i3CgndUsB0R64nH6H3RBogk8rd3m8Wd6TD5kvSvAk1OmxVZu_mpEHEBuCHRjjQhmWGBkHQXWlrUb78G5lE~
ca91a20909d151c11HJ_2di7ElNX,UE大世界射击游戏客户端开发（子公司）,15-20K·14薪,"['UE4', 'C/C++', 'UE4开发经验', 'UE', '剧情', 'Squencer', 'Unity']",本科,1-3年,腾讯,深圳,程先生,"有无线网, 免费班车, 免费健身房, 意外险, 补充医疗保险, 交通补助, 公仔周边活动, 年终奖, 团建聚餐, 带薪年假, 节日福利, 五险一金, 员工旅游, 定期体检",https://www.zhipin.com/job_detail/ca91a20909d151c11HJ_2di7ElNX.html?securityId=IvCzOu_WOQuH8-d1WHmOkkki_oNXdxlVthk4DzLyqNJibu3o_y38Iob4zLZUKHFm00cM-QJjbgRfWoGDWfP6eXAWHWzzI8Z23qhOZndPe_0inG2yka7g9Zw1OZXpcvuk8f2LGfXcWivbbFhauQ~~
80aab6e829a38d7703Z_0tm9EVRU,公有云架构师,40-70K,"['微服务架构', '音视频编解码', '容器技术', '流媒体技术', '大数据架构', '云计算架构', '平台架构', '网站架构']",本科,3-5年,腾讯,广州,郑先生,"团建聚餐, 交通补助, 公仔周边活动, 有无线网, 节日福利, 免费健身房, 带薪年假, 补充医疗保险, 免费班车, 意外险, 定期体检, 员工旅游, 年终奖, 五险一金",https://www.zhipin.com/job_detail/80aab6e829a38d7703Z_0tm9EVRU.html?securityId=6aXo3DCX9pv1s-b1yxGhmsMCWfDdRllQgQMJa1w8Y20R31wAPsg2XvEV_gXFtt0JUW3vpZXE4zBcKsGQ5h-RZKWU-8voHDsjPa_YZJGIRufnEQ~~
607a24495d2b664403d939S-EVRS,王者荣耀世界-UE客户端-新星引力计划(上海),20-30K·15薪,[],本科,1-3年,腾讯,上海,郑女士,"免费健身房, 零食下午茶, 免费早晚餐, 定期体检, 节日福利, 带薪年假, 股票期权, 补充医疗保险, 交通补助, 餐补, 包吃, 员工旅游, 住房补贴, 免费班车, 公仔周边活动, 五险一金, 年终奖",https://www.zhipin.com/job_detail/607a24495d2b664403d939S-EVRS.html?securityId=jqpcwbD7CYdit-01k-rNRtWGXFU6lIdzcCER9-pyJAxTbvufHp1YLzeMpp7n7DVqYb4UQJBZrNhb23vbFI8umQ0gZmmR68rCsNgS7hUrCdcyZNv_7ek~
ac13faa7f72022821H1939q1F1tS,跨境汇款产品策划,20-40K,"['C端产品', 'B端产品', '金融产品']",本科,3-5年,腾讯,深圳,戴先生,"免费班车, 节日福利, 交通补助, 免费早晚餐, 股票期权, 员工旅游, 补充医疗保险, 餐补, 公仔周边活动, 定期体检, 包吃, 免费健身房, 带薪年假, 住房补贴, 零食下午茶, 五险一金, 年终奖",https://www.zhipin.com/job_detail/ac13faa7f72022821H1939q1F1tS.html?securityId=_5kQ6B1BBqtH--Y1LeTcIcvWY2NaLU2-Hn5pFFnEfnaY6BAMYMUKb9XtChsgkRuzKZ5vWghZSGJRUMBR2k8WQg3X1y3Ua6WvLgK3xzo_IY26LAx_EQY~
0cf2a25b5922082c1H1_2dy5FVtQ,中间件消息队列 Java 后台开发,20-35K·15薪,"['JVM', 'Java', '团队管理经验', '不接受居家办公', '分布式经验', 'Kafka', 'Redis', 'Zookeeper', 'MySQL', 'Netty', 'MyBatis', '云计算经验', '架构设计经验']",本科,3-5年,腾讯,西安,金先生,"节日福利, 交通补助, 免费班车, 公仔周边活动, 包吃, 定期体检, 住房补贴, 餐补, 员工旅游, 免费早晚餐, 年终奖, 零食下午茶, 免费健身房, 五险一金, 补充医疗保险, 带薪年假, 股票期权",https://www.zhipin.com/job_detail/0cf2a25b5922082c1H1_2dy5FVtQ.html?securityId=HqRniqH2GNEQM-i1dN3jHTbKdNt73-Of3cA4TLir30R_Cw7JKO0GnV0D7WzeLIHzZxZKDgiag1ijHOoCPDI0kVcvot8vPx-xPfn3tmbsGGLl1fdvJxI~
5cffa80fd352730703d_3NS4FlNU,算法工程师,22-40K·18薪,"['发表算法相关优秀论文', '搜索算法', '机器学习', '深度学习', '广告算法', '参加算法相关竞赛/获奖', '风控算法', '推荐算法', 'Python']",硕士,1年以内,腾讯,北京,张先生,"免费早晚餐, 通讯补贴, 员工旅游, 免费班车, 免费健身房, 团建聚餐, 餐补, 五险一金, 零食下午茶, 股票期权, 包吃, 补充医疗保险, 公仔周边活动, 带薪年假, 交通补助, 年终奖, 节日福利, 定期体检, Q 米, 住房补贴",https://www.zhipin.com/job_detail/5cffa80fd352730703d_3NS4FlNU.html?securityId=KCsuvUvBqFxe---1_gRZzbkpVfManNHOmyJfqvh2sgD0n-BHHIb1wvVILFEkMQZ-eePrd75IfCV7KtJKx7ihFMu_yKc-r9_T5MXGD6TqROIpF0DWPzyj
10a8f837b20a05aa03dy3929FlRV,UE5资深战斗系统开发-武汉,20-30K·14薪,[],本科,3-5年,腾讯,武汉,杨先生,"有无线网, 节日福利, 免费班车, 带薪年假, 交通补助, 定期体检, 团建聚餐, 免费健身房, 公仔周边活动, 补充医疗保险, 意外险, 员工旅游, 五险一金, 年终奖",https://www.zhipin.com/job_detail/10a8f837b20a05aa03dy3929FlRV.html?securityId=izyxhCFBQkEMU--1HOWSONztLEAty6eifo1QwWmfQc67xLmKwRx1Homk9OtqV25Q6u0KUWLRG097GA7dRxBePGYQl8_Sd1Qx2aJihSxbYiGbXg~~
7b3e02c7811753db03Z-09S8EFVU,竞争合规律师(深圳),35-45K,"['执业3年以上', '授薪制', '诉讼/非诉讼', '独立办案能力', '公司律师', '公检法工作经验']",本科,5-10年,腾讯,深圳,徐女士,"免费早晚餐, 餐补, 定期体检, 补充医疗保险, 零食下午茶, 带薪年假, 包吃, 年终奖, 员工旅游, 免费班车, 交通补助, 节日福利, 住房补贴, 股票期权, 公仔周边活动, 免费健身房, 五险一金",https://www.zhipin.com/job_detail/7b3e02c7811753db03Z-09S8EFVU.html?securityId=7OCaU6iRPuN9I-S1ihYds_58hyIWAbfgd3Kr8S5LXKPSAZhdxhQYfqzWTLh1nfrncbN9-0UQC8Njt_8TGop9PxODJY0J2o7tNgbiba_ld-zR3lsXzLg~
1bdbb97ef37d8bff1HZ93N-_FFRW,微信视频号直播带货安全系统开发工程师,50-80K·16薪,"['C++', '架构设计经验']",本科,3-5年,腾讯,广州,尹先生,"员工旅游, 交通补助, 免费健身房, 五险一金, 免费早晚餐, 节日福利, 年终奖, 股票期权, 包吃, 定期体检, 住房补贴, 免费班车, 公仔周边活动, 零食下午茶, 补充医疗保险, 带薪年假, 餐补",https://www.zhipin.com/job_detail/1bdbb97ef37d8bff1HZ93N-_FFRW.html?securityId=40Ull3mXHk3fz-41mQb2HFQj2MTFu7CmROK6tCQK2VLYo4DRHJN8fYQCfFDIg3q46FkhpdIHlJ4rRSmrtqMco4ui1V3npYMdh7feqiutNT35DC_xqw~~
610ba3fe437ccc8d1XR60969FldY,数据库DBA,20-40K,"['Oracle', 'NoSQL', 'Redis', 'MongoDB', 'PostgreSQL', 'SQL', 'Python']",本科,3-5年,腾讯,西安,谢先生,"零食下午茶, 带薪年假, 包吃, 住房补贴, 五险一金, 公仔周边活动, 交通补助, 定期体检, 餐补, 节日福利, 股票期权, 员工旅游, 免费早晚餐, 免费健身房, 免费班车, 年终奖, 补充医疗保险",https://www.zhipin.com/job_detail/610ba3fe437ccc8d1XR60969FldY.html?securityId=EM1Y41dyoyGoC-C1PCBoAMqOchir3W6EpCz6Lw90X80mkqM4aJrktzvi-SZArk265Cnoq6KOpRItc8h9H9Z-SmSOfc55R3NnEznOaWHum2-_9BZ94Pll
7797edb3a23a6fa703R439S0EVVX,视频号-信息风控工程师,30-50K,"['C/C++', 'Python', 'SQL', '计算机相关专业', '风控/安全策略经验', '机器学习算法/工程化经验', '自然语言处理经验', '深度学习经验']",本科,3-5年,腾讯,广州,邱先生,"员工旅游, 带薪年假, 餐补, 年终奖, 免费健身房, 公仔周边活动, 免费早晚餐, 定期体检, 节日福利, 交通补助, 股票期权, 免费班车, 包吃, 零食下午茶, 补充医疗保险, 住房补贴, 五险一金",https://www.zhipin.com/job_detail/7797edb3a23a6fa703R439S0EVVX.html?securityId=Ti59LgnEkF4VI-c1Xt9Cfn8Gxl733Zbc5PdpUV3B-LzG7xg5Io4t_EUfvpZJShMiOg-QfZVR0Z-PgW-C-pNJwpfgFF7RjVemZOlJQ5I-xSV9pYI_yeII
cee3170cf6f92dba1nN_3N-4FFZS,高级前端开发工程师,25-40K,"['前端开发', 'WEB开发', 'UE4开发', 'ES6', 'CSS3', 'HTML', 'Vue', 'Web端']",本科,3-5年,腾讯,深圳,屈先生,"五险一金, 团建聚餐, 补充医疗保险, 年终奖, 有无线网, 节日福利, 带薪年假, 免费班车, 定期体检, 意外险, 交通补助, 免费健身房, 员工旅游, 公仔周边活动",https://www.zhipin.com/job_detail/cee3170cf6f92dba1nN_3N-4FFZS.html?securityId=rPQe8IbUZRTyY-O1TiOxjbPaISZfaULTwsfG1eR0-oMATh1jiqvqSPPdDCiKesnWfBbhsDTiVa9X23VAbtqrAJ0WZWCrLDLQ5rxSnxxiBAT5
8f651227e0e09cb403d72d67FFdY,腾讯云前端开发-2026届暑期实习生,200-250元/天,[],本科,,腾讯,武汉,刘先生,"交通补助, 五险一金, 股票期权, 年终奖, 公仔周边活动, 包吃, 住房补贴, 零食下午茶, 补充医疗保险, 餐补, 免费健身房, 节日福利, 免费班车, 员工旅游, 定期体检, 带薪年假, 免费早晚餐",https://www.zhipin.com/job_detail/8f651227e0e09cb403d72d67FFdY.html?securityId=JPEa0TnuxXLb1-91ZmLLiJl_4cRnE8ysCi-lni8TpDF1jqoZkxzdzFgKmUC49J5be0cXonauSvKqQXgE2AKda7SesoQlBeKxOMgL-wjUHL-AtoXxryc~
a132f14489232b9503Z-3Nu4EFtR,腾讯游戏-后台开发工程师(深圳),25-50K·15薪,['Golang'],本科,1-3年,腾讯,深圳,文先生,"员工旅游, 交通补助, 包吃, 免费班车, 公仔周边活动, 股票期权, 免费早晚餐, 五险一金, 餐补, 零食下午茶, 年终奖, 节日福利, 住房补贴, 补充医疗保险, 带薪年假, 免费健身房, 定期体检",https://www.zhipin.com/job_detail/a132f14489232b9503Z-3Nu4EFtR.html?securityId=Tk1jbrDg7fxJ4-71bDcGFKZYXy3-hNCfUD2GFE8wl6j4cpQsSDGAYI6vaoN9MIzDdKp_6Tw4g2XsY70zURJFWaAx1LsE4v4PI265O10v-3BFEOmJNIw~
1d696e2c7a2edf351HJ93t2_FFNX,用户研究实习生,150-200元/天,"['深度访谈', '问卷调查']",本科,,腾讯,深圳,王先生,"员工旅游, 补充医疗保险, 免费健身房, 有无线网, 年终奖, 节日福利, 公仔周边活动, 交通补助, 免费班车, 带薪年假, 五险一金, 团建聚餐, 意外险, 定期体检",https://www.zhipin.com/job_detail/1d696e2c7a2edf351HJ93t2_FFNX.html?securityId=wZmyZDDyGfC4c-51lvM4CLAJ0avRUpd60d836srFETu5BbzLdla1o6gR1aXzyXQzCAQbwhoe5CLBDNsO3OwnNgUsvrN0WZtQ6g3u_-eQs0ArAQ~~
c4baf76bdf8a70f403B509u1ElRQ,腾讯云-大数据公有云高级产品架构师(深圳),40-70K·16薪,[],本科,5-10年,腾讯,深圳,杨先生,"交通补助, 带薪年假, 免费健身房, 免费班车, 团建聚餐, 员工旅游, 定期体检, 年终奖, 补充医疗保险, 意外险, 有无线网, 五险一金, 公仔周边活动, 节日福利",https://www.zhipin.com/job_detail/c4baf76bdf8a70f403B509u1ElRQ.html?securityId=MiEOR6zeHi2j9-i1M1IIryZvBIV9OdJOcbo_XMowwEF6kCqCtQatK1PBWAm8uovJjbvEghKHitGcf9SRFT_k7DUPsdnF4UjuTfX8nNhGa6Djcw~~
2739586a67e9de591Hd40t25E1dW,腾娱-后端开发,15-25K·13薪,"['Golang', 'Golang服务端开发经验']",本科,3-5年,腾讯,深圳,江先生,"团建聚餐, 免费健身房, 补充医疗保险, 有无线网, 五险一金, 员工旅游, 公仔周边活动, 免费班车, 带薪年假, 意外险, 交通补助, 节日福利, 年终奖, 定期体检",https://www.zhipin.com/job_detail/2739586a67e9de591Hd40t25E1dW.html?securityId=6woHgnOu-s87D-F1ViloQ5O4-Dj4LuCgur7g-KOHLtnYmupp1mb5imdUjw3l3vPPfPfCJqgY7vLL338HuhDZJwBbw7HWE7UWHjw3H9eavyNn
98d41b15e9963a3e03By2tu9EVZZ,游戏特效,20-30K,"['五险一金', '带薪假期', '周末双休', '二次元']",本科,1-3年,腾讯,深圳,时先生,"公仔周边活动, 交通补助, 补充医疗保险, 有无线网, 团建聚餐, 员工旅游, 年终奖, 节日福利, 定期体检, 免费班车, 意外险, 免费健身房, 五险一金, 带薪年假",https://www.zhipin.com/job_detail/98d41b15e9963a3e03By2tu9EVZZ.html?securityId=PshrTOUF3Sg67-z1c2R22j-Uwp8U9KlkG48J_MMwXiXjvYxlAzrZPCPPRAgJvtWhdDIqNz29ZwRi8xtBeybF_2bRD5JlTjjzxlAETNLue2-8hg~~
956c157c57261bca03Rz3tu5FFVT,数据安全工程师,15-26K,"['Golang', '数据安全', 'Java', '风险建模', 'MySQL', '计算机/信息安全相关专业', '行为分析', '内部风控', '数据挖掘', 'Python']",本科,经验不限,腾讯,武汉,任女士,"包吃, 补充医疗保险, 公仔周边活动, 免费早晚餐, 交通补助, 股票期权, 员工旅游, 定期体检, 免费班车, 零食下午茶, 节日福利, 五险一金, 年终奖, 带薪年假, 餐补, 免费健身房, 住房补贴",https://www.zhipin.com/job_detail/956c157c57261bca03Rz3tu5FFVT.html?securityId=4uC97vOF_1qfS-V1nJb1LFTIcFu4AIeQnZOWKhOUKHOEpBAxrjB0cUc8Mq9EPH7SG0f3H_cQsqQxrSOprZWeqtDYdxC7HLyCxomTvOmGgDMISkLeGFB4
8edca887abba278a1HJ-2NW8EFdW,边缘Serverless工程师,30-50K,"['C++', 'severless']",本科,3-5年,腾讯,深圳,陈先生,"免费早晚餐, 定期体检, 住房补贴, 带薪年假, 五险一金, 公仔周边活动, 包吃, 免费班车, 交通补助, 年终奖, 免费健身房, 节日福利, 股票期权, 零食下午茶, 餐补, 补充医疗保险, 员工旅游",https://www.zhipin.com/job_detail/8edca887abba278a1HJ-2NW8EFdW.html?securityId=WII0OHHAMA3bl-B1hFrKl8XGL9U1xkNBs474wDO9KAmi62kATsgrgXIS8HERJ_25c7yedrlsiLFXPgE10epg5PI5x75E_zjEUNrZ9uOwysgK9V4RNw~~
e48f96f38fc85e3f1HNy09-7FFJU,腾讯云数据库专家 (上海/北京/深圳/成都),40-60K·14薪,"['Oracle', 'MySQL']",本科,5-10年,腾讯,北京,马女士,"员工旅游, 节日福利, 股票期权, 交通补助, 住房补贴, 定期体检, 年终奖, 免费早晚餐, 餐补, 免费班车, 包吃, 五险一金, 免费健身房, 带薪年假, 零食下午茶, 补充医疗保险, 公仔周边活动",https://www.zhipin.com/job_detail/e48f96f38fc85e3f1HNy09-7FFJU.html?securityId=SekLWibR5x4tt-s1zAsgE2fkPgOUoh9PqUNBCY0wecccMS1OTH_MrWxq3efsITCJ8lCzhDsfQ-GKua5kANI2eMI20JuEXJFYHxI5XRx54xxjzxY92tE~
736257fb995cbfe203B62d61FlNU,《王者荣耀世界》资深数据分析(上海),20-40K·15薪,"['SQL', 'Python', 'Hive', 'R', 'SPSS', '文娱/游戏行业数据相关经验']",本科,1-3年,腾讯,上海,黄先生,"餐补, 免费健身房, 零食下午茶, 交通补助, 员工旅游, 免费早晚餐, 节日福利, 五险一金, 定期体检, 股票期权, 年终奖, 补充医疗保险, 住房补贴, 公仔周边活动, 带薪年假, 包吃, 免费班车",https://www.zhipin.com/job_detail/736257fb995cbfe203B62d61FlNU.html?securityId=rtlxFy0XOcMpj-a1v7U_qXExPXLNILMDdD2jTMNdYl6wcF6XcmO04w5GJSdeqQLIn6HOKaMBRCDSP_jRcGUM96k0gzFmJ9lj270dx_e8KiJmoXmv8hc~
b33f39a5324ccbe203F-39q_EFBZ,后端组件研发,20-40K·16薪,"['C++', 'C', 'Boost', 'STL', 'Redis', '架构设计经验', '数据库开发经验', 'RPC', '存储', '组件']",本科,3-5年,腾讯,深圳,王先生,"定期体检, 交通补助, 团建聚餐, 公仔周边活动, 有无线网, 员工旅游, 带薪年假, 免费健身房, 年终奖, 补充医疗保险, 免费班车, 五险一金, 节日福利, 意外险",https://www.zhipin.com/job_detail/b33f39a5324ccbe203F-39q_EFBZ.html?securityId=weN9oSOb-x6Yq-k1EjBKatastTI0P8u-ok881WxYjxDKhZAnSFBfcmjmrFDoiIhnZ2UIgdReVR06yTpv5htN2j84rYOP1kmzSFIWroqbkuQN8S9v1r3zlPamwMRPEtIzo9D-iNkV2JTam0qG
fba43bedd592bb2003Bz2tq7E1NS,大数据公有云解决方案架构师-上海,50-80K·15薪,"['Java', '大数据引擎架构经验', '数据平台架构经验', 'Elasticsearch原理/源码', 'Doris/Druid原理/源码', 'Spark原理/源码', 'Scala', 'Flink原理/源码', 'Kafka', 'Flink', '数据治理经验', 'HBase', 'SQL', '要求有数据架构经验', 'Elasticsearch', '数据仓库架构经验', 'Spark', '其他数据架构经验', '要求数据开发/架构经验', 'Python']",本科,10年以上,腾讯,上海,许先生,"员工旅游, 免费班车, 五险一金, 节日福利, 定期体检, 免费健身房, 交通补助, 年终奖, 公仔周边活动, 带薪年假, 有无线网, 团建聚餐, 意外险, 补充医疗保险",https://www.zhipin.com/job_detail/fba43bedd592bb2003Bz2tq7E1NS.html?securityId=UnMm2pOEgMgRt-61c0yD4hnbrBxb0D3IXZKh1Sx6po3i51BORnq1bfBX5DjUN7GYOZuS8xrsOEYFZpxA_10QBKlSN2wIA7OakRUaa9ecAGq9
5c41105e6a9af57303Z809-4F1BW,搜索引擎开发工程师（北京）,25-50K·15薪,"['C++', 'Java', '向量&倒排召回', '磁盘索引', '实时索引', '运营系统建设']",硕士,3-5年,腾讯,北京,郝女士,"公仔周边活动, 包吃, 定期体检, 免费早晚餐, 补充医疗保险, 带薪年假, 员工旅游, 免费班车, 餐补, 年终奖, 交通补助, 节日福利, 住房补贴, 五险一金, 股票期权, 免费健身房, 零食下午茶",https://www.zhipin.com/job_detail/5c41105e6a9af57303Z809-4F1BW.html?securityId=6bt9q0pcdC3aE-31PqlXG7GetZgERM2zCg8CtUZO4AJ_RFMPkmvaaF3ZRXSe1PpG1I19iRMXP3xKR2B_oaP4Fdk_P6oxkl7uIrLtxznUxAMs31kdPeV3
0f60782cec22924a1HN42tq_FFNR,nlp自然语言处理工程师,20-30K,"['深度学习', '情感分析', 'Python', '算法工程化经验']",硕士,1-3年,腾讯,深圳,刘先生,"定期体检, 员工旅游, 意外险, 带薪年假, 团建聚餐, 补充医疗保险, 公仔周边活动, 有无线网, 免费班车, 免费健身房, 五险一金, 节日福利, 年终奖, 交通补助",https://www.zhipin.com/job_detail/0f60782cec22924a1HN42tq_FFNR.html?securityId=br64zl8TLmMfa-b1JEIdBMfr1FtSgboQj1xx5JWd53y8Uz6Zq54UNGbUi8auUTbEjtn--VB8u87T523oM8Jgwl_4DWWjKTQOOlcVmxVjMJuI
8f35314f66548fc203d_2N25GVFW,云网络运维工程师,30-60K,[],本科,5-10年,腾讯,深圳,吴先生,"节日福利, 交通补助, 免费健身房, 公仔周边活动, 团建聚餐, 定期体检, 意外险, 免费班车, 年终奖, 带薪年假, 补充医疗保险, 有无线网, 五险一金, 员工旅游",https://www.zhipin.com/job_detail/8f35314f66548fc203d_2N25GVFW.html?securityId=mtbxrxJIComsQ-B1rlT4fcadEnwiJ1-TuC8YwDDGtz7TAyXnjT7Ujvgo4d7PrZZjVvwLSYndkY8lnTd-IPHQ70bQC2KQn7mzYQtI18JDAxnBjQ~~
002b18920df3563a03Fy2tq_EVNY,腾讯文档私有化后台研发工程师,25-35K,"['Golang', 'C++', 'Docker', '计算机相关专业', '私有化', '中大型项目开发经验', '系统架构设计经验', 'Kubernetes']",本科,1-3年,腾讯,深圳,王先生,"五险一金, 免费健身房, 公仔周边活动, 员工旅游, 定期体检, 免费班车, 有无线网, 带薪年假, 补充医疗保险, 年终奖, 节日福利, 意外险, 交通补助, 团建聚餐",https://www.zhipin.com/job_detail/002b18920df3563a03Fy2tq_EVNY.html?securityId=GxfAFig8PCkFz-x1QFFo2TyGVVWvvqOvFQkhogN5asJPB5iFsIEIdmFXeGGI1fY5Lp2nV2YQrgi85ll7coszsiuye1hldOxXADlOq2AqZUUdsnvXfc1gsxtGs0PMNTwHyuX5daOOXjaemHGerw~~
59351de86e44ef1d03dy3dq0GFBR,和平精英-高级游戏测试工程师(深圳),20-40K,"['ue', '自动化测试', '性能测试', '功能测试', 'fps']",本科,3-5年,腾讯,深圳,李先生,"带薪年假, 补充医疗保险, 公仔周边活动, 住房补贴, 员工旅游, 股票期权, 定期体检, 免费班车, 零食下午茶, 免费早晚餐, 五险一金, 餐补, 交通补助, 包吃, 免费健身房, 年终奖, 节日福利",https://www.zhipin.com/job_detail/59351de86e44ef1d03dy3dq0GFBR.html?securityId=auQ5SRdi_KyGj-31xrG09ENpkQg4S1R-PWIy1x2aY1aDA0WxTvEB0VvFJeWHQXFdvMpLuMhGMGqRfsv0tAPcji8pl1mPTf58G7Y9jjQpdBeQyLffM9s~
2ce62e4c2ff2b49d1XV73NS1F1pW,系统技术工程师,14-25K·14薪,"['虚拟机技术', 'Linux', 'KVM']",本科,3-5年,腾讯,西安,陈先生,"补充医疗保险, 节日福利, 零食下午茶, 年终奖, 免费早晚餐, 员工旅游, 五险一金, 带薪年假, 公仔周边活动, 交通补助, 股票期权, 免费健身房, 住房补贴, 餐补, 包吃, 免费班车, 定期体检",https://www.zhipin.com/job_detail/2ce62e4c2ff2b49d1XV73NS1F1pW.html?securityId=WawP-6FwqOtRk-h1RtsqX8amna7pBm6qwmUpaYAB4nqVXM4vvrO3VJNbefzquepXhEooys9EChxXNe_TJkQpaudLxIfbPgAOpM-a_I6oIQV5yalXwL31
a77b2f1c8713a37003V829u1GVFQ,信息安全运营专员（实习生）,70-100元/天,"['图片审核', '内容审核', '文本审核', '视频审核']",大专,,腾讯,绵阳,蒋先生,"带薪年假, 员工旅游, 年终奖, 定期体检, 公仔周边活动, 零食下午茶, 股票期权, 住房补贴, 免费早晚餐, 节日福利, 五险一金, 交通补助, 免费班车, 包吃, 补充医疗保险, 免费健身房, 餐补",https://www.zhipin.com/job_detail/a77b2f1c8713a37003V829u1GVFQ.html?securityId=_Ef9KiLINQiTt-l1Zta6rCnLZyvtPHuH7qovJKdllMD8XLFkBMSJSYamJve7X0hggk7yzfY9BBpbOhrTCnXbiRQk7h4-_VA46CpkAr9oFXb7XcSf1XF66FATOtU2fJm4nqoxuvg2Csq5jJOcXixTHWad
20482fc14414036703Z909q5E1FQ,边缘Serverless架构师（深圳/北京）,45-70K,['微服务架构'],本科,5-10年,腾讯,深圳,王先生,"免费早晚餐, 交通补助, 定期体检, 包吃, 补充医疗保险, 免费班车, 住房补贴, 公仔周边活动, 餐补, 五险一金, 员工旅游, 年终奖, 节日福利, 零食下午茶, 带薪年假, 免费健身房, 股票期权",https://www.zhipin.com/job_detail/20482fc14414036703Z909q5E1FQ.html?securityId=4wiFsV5O-sl0h-J1Ibs4FXv2PQhW30YBwVwDrkCfFj1zpXlfffmivFOjZj97HkrHowBNkivHzgozaVJ-LPC8OFj7096f3gBdJBy0ogvD5tJnXpy6
dd43794d4faac1b303d72966EFRR,微信安全-策略算法工程师(广州),60-90K·15薪,[],本科,3-5年,腾讯,广州,罗先生,"股票期权, 交通补助, 住房补贴, 免费健身房, 带薪年假, 五险一金, 员工旅游, 免费班车, 餐补, 公仔周边活动, 免费早晚餐, 零食下午茶, 节日福利, 定期体检, 补充医疗保险, 包吃, 年终奖",https://www.zhipin.com/job_detail/dd43794d4faac1b303d72966EFRR.html?securityId=hr4dETw9J1JLR-_19pBAaCFW_DKSCKSHlEW7tsTFua6RWsKNRhWkyE1addVyiskZMjDPKucgvgXG9uE1jcvnw6pekT-Zyrpeil9J-nrp8Oq1D7nja5ztREidsCNWmBT-RAqSbbr39lQ9vn_Q5U8SxM_O
8b37a5e966f909a51HV73d-4E1ZQ,54756-大模型应用算法工程师(北京),30-50K·16薪,"['C/C++', 'Python', 'TensorFlow']",硕士,3-5年,腾讯,北京,曾先生,"年终奖, 五险一金, 意外险, 交通补助, 团建聚餐, 定期体检, 节日福利, 补充医疗保险, 免费健身房, 公仔周边活动, 带薪年假, 员工旅游, 有无线网, 免费班车",https://www.zhipin.com/job_detail/8b37a5e966f909a51HV73d-4E1ZQ.html?securityId=4PcdaYpRkdtG7-o1DIs1e1KXeT5Uu1lafP4sMU6cr40dgp9SGmEOyjnDbTKlenMShgw4JXLTjC8cF_JK0uGacxm2WZdjGWQSA_OAHIY9h3XB
f38dd6d758432e7703Z63N21EVJX,写实动作撤离手游-战斗策划（腾娱）,11-20K·14薪,"['战斗系统设计', 'RPG游戏', 'UE4', '系统功能设计', '商业化', '系统策划', '自定义键位', '对局信息']",本科,3-5年,腾讯,深圳,饶女士,"带薪年假, 免费班车, 免费早晚餐, 住房补贴, 零食下午茶, 补充医疗保险, 餐补, 免费健身房, 包吃, 员工旅游, 节日福利, 交通补助, 定期体检, 年终奖, 股票期权, 五险一金, 公仔周边活动",https://www.zhipin.com/job_detail/f38dd6d758432e7703Z63N21EVJX.html?securityId=ztTecN_5jtPEG-n1gxJO8uurfMzHTsPspWnKodQ8PKmR9IWI_zE3ARBKiHnGnCMcVApFRJrBxPtJ5zrD1FYAzZta19CIytMIW9noWCyW9bhhvwxMjX0~
c834d0cfbf5444f703Zz3Nu7E1ZW,混元后台开发高级工程师（数据方向）,35-60K·16薪,"['要求数据开发经验', '数据平台开发经验', '大数据引擎开发经验', '其他', '其他', 'Java', 'Python', '数据建模经验', '非外包类', 'LLM', '数据挖掘']",本科,3-5年,腾讯,北京,杨女士,"公仔周边活动, 节日福利, 补充医疗保险, 免费健身房, 五险一金, 包吃, 免费班车, 零食下午茶, 定期体检, 股票期权, 年终奖, 免费早晚餐, 交通补助, 住房补贴, 带薪年假, 餐补, 员工旅游",https://www.zhipin.com/job_detail/c834d0cfbf5444f703Zz3Nu7E1ZW.html?securityId=lWyGpyevwQgPf-k1-IIS3jixkjgeO9Y37wC6z4c8kggCg_02Q3WjWQeaQb3RiWLLMdQHAuzRSP9Nzk_1Vw0TYGuVFov4e5G0Z4zgTrHOu1k6CSWlbwA~
07fb61755264f78b03Z60t-6FFtU,腾讯地图-Android研发工程师(武汉),15-24K·14薪,"['Java', 'Android客户端产品研发', 'Flutter', 'React Native']",本科,1-3年,腾讯,武汉,苏女士,"带薪年假, 年终奖, 免费健身房, 住房补贴, 零食下午茶, 员工旅游, 交通补助, 餐补, 五险一金, 节日福利, 定期体检, 免费班车, 公仔周边活动, 免费早晚餐, 股票期权, 包吃, 补充医疗保险",https://www.zhipin.com/job_detail/07fb61755264f78b03Z60t-6FFtU.html?securityId=omPf6UIyiLSDx-f162OxGElhY_u-S5HPzBhAL5TqCNpRPZK1N7OLO8lw07xL9rMXtCLYBVTB4QfPUsiy2hUmq1XIU2KwekT9eQG6Qhv8E9Jq-X2lpww~
1d0c86ea5727ca8003d62d60F1ZU,Python开发工程师-西安（腾讯云智）,15-25K·14薪,"['Python', 'C++', 'Golang', 'Kubernetes', 'Kafka', 'MySQL', 'MongoDB', 'Redis']",本科,3-5年,腾讯,西安,袁女士,"交通补助, 节日福利, 公仔周边活动, 包吃, 带薪年假, 补充医疗保险, 五险一金, 免费健身房, 员工旅游, 定期体检, 住房补贴, 零食下午茶, 免费班车, 股票期权, 免费早晚餐, 年终奖, 餐补",https://www.zhipin.com/job_detail/1d0c86ea5727ca8003d62d60F1ZU.html?securityId=DpgKriMteN3RU-c1wXl4drON_U89W-rickN2ZcQmNJJ0bzB0Jy0_1k5eZs7AgJevgjvDohuvDMjRJJSt1gC-4DEgXNeTS_oew7foP_JxaPLcZZzog-M~
662d2a39cca32fd703d52Nm9FFdW,后台开发工程师（云智）,14-24K·14薪,"['Golang', 'Kubernetes', 'Docker', 'Golang服务端开发经验']",本科,3-5年,腾讯,武汉,刘女士,"住房补贴, 员工旅游, 公仔周边活动, 五险一金, 节日福利, 年终奖, 补充医疗保险, 包吃, 交通补助, 餐补, 零食下午茶, 带薪年假, 免费班车, 定期体检, 股票期权, 免费健身房, 免费早晚餐",https://www.zhipin.com/job_detail/662d2a39cca32fd703d52Nm9FFdW.html?securityId=8w6KTu_YvzeSt-01UD_jTewJoS4P8zs4A2JknZPrg3-XwRZ1yS2jBGceawH1QQ28aI81tNGbUqdAxl6dW1vrXFyox-qn6CRwDELwXh4bTDlmBT2Jqpo~
70d8133a2fd3434c03Z_3N28GFtR,2D角色(腾娱)深圳-武汉,12-18K·14薪,"['二次元', 'PS', 'SAI']",大专,1-3年,腾讯,武汉,陈女士,"年终奖, 股票期权, 定期体检, 五险一金, 带薪年假, 免费早晚餐, 员工旅游, 交通补助, 免费健身房, 免费班车, 节日福利, 包吃, 零食下午茶, 住房补贴, 餐补, 补充医疗保险, 公仔周边活动",https://www.zhipin.com/job_detail/70d8133a2fd3434c03Z_3N28GFtR.html?securityId=jwzOMSxxRBWD3-N15b8jOnWYQac71XVPEaPRZjhaZLbHzfLTuWZG_waLDGby1OJ-_GcngpTfzhjU3UQVoXwQwNCQAr1rZ18QlcXNmbjFMThNuR7UXrQ~
b8c5a005b081b40803Z-092_ElBR,微信小店后台开发工程师-推荐系统方向-广州,30-60K·17薪,"['C++', '推荐系统']",本科,1-3年,腾讯,广州,郭先生,"五险一金, 包吃, 餐补, 免费早晚餐, 免费健身房, 零食下午茶, 公仔周边活动, 带薪年假, 免费班车, 定期体检, 住房补贴, 股票期权, 节日福利, 年终奖, 补充医疗保险, 员工旅游, 交通补助",https://www.zhipin.com/job_detail/b8c5a005b081b40803Z-092_ElBR.html?securityId=Rgs7I20z5WEwz-p16EseNMTcu5GmVqkUq7FFRTtolXRrfmqulju-aGrbvEtmW-3FkZ3KBAIeEEfFkmVxcjkJweL0sknOFKrecRD8Ip7-FAThx1RorfH1
f11776bea3e72bb803Z_3dq_GVdX,大模型-算法专家-代码生成方向,50-80K·15薪,"['Agent', '代码生成', '代码扫描', 'AI工具链\u200c', '大模型', '代码补全']",硕士,5-10年,腾讯,深圳,郭先生,"免费班车, 免费健身房, 股票期权, 餐补, 免费早晚餐, 公仔周边活动, 带薪年假, 零食下午茶, 员工旅游, 年终奖, 五险一金, 包吃, 住房补贴, 定期体检, 补充医疗保险, 交通补助, 节日福利",https://www.zhipin.com/job_detail/f11776bea3e72bb803Z_3dq_GVdX.html?securityId=AyKj4NIPAM3T1-71wZR9TUNENTRi1QLFGPYu-o24EsE1uFAkJQHEkGYA59MzpylYCmZdLgZKQghzsn-xsbvKHgEa9GEkAcHTw3twU0AQawMmhGiWxMlH
e7d0daf5b61e7c611nJ73NS5GVdT,云后台软件开发,25-50K·16薪,"['RDMA', '用户态协议栈', 'C', 'Linux', '快设备驱动', 'Nvme', 'Virtio', '虚拟机技术', 'Linux开发/部署经验']",本科,5-10年,腾讯,上海,王先生,"股票期权, 员工旅游, 零食下午茶, 补充医疗保险, 公仔周边活动, 免费健身房, 免费班车, 年终奖, 带薪年假, 餐补, 免费早晚餐, 五险一金, 住房补贴, 包吃, 节日福利, 交通补助, 定期体检",https://www.zhipin.com/job_detail/e7d0daf5b61e7c611nJ73NS5GVdT.html?securityId=QgVaQmoEQgIX0-G1IQCoLHQ2AHNfAgsi8519PX8IDPLH99KVScC_TOSObWKz0mQSKRhm4ShEAiAwkVEqxzYoNbhvup8GQXpD_xJ_xXz42yRTOJ--4G8~
4d1946cec96ae9b81H1529i1GFJY,资深游戏引擎开发工程师（渲染向）,20-40K·14薪,"['UE4', 'C/C++']",本科,5-10年,腾讯,上海,杨女士,"节日福利, 包吃, 免费健身房, 年终奖, 公仔周边活动, 股票期权, 五险一金, 交通补助, 免费早晚餐, 零食下午茶, 餐补, 定期体检, 补充医疗保险, 免费班车, 带薪年假, 员工旅游, 住房补贴",https://www.zhipin.com/job_detail/4d1946cec96ae9b81H1529i1GFJY.html?securityId=cpvGee-GZt9jE-917alhAG8LVlbyRMeA0CQIqyIP-_KDc4s9HP_EcgepaNyNFmD4Jjy-202KrZBnPiVJBtqubnjroK5L_wUDw_YjL9qhRZrAvaAN7kpY
3a012cedc410f0d803d92tq0GFNQ,关卡策划-逆战端游-腾娱互动,12-19K·14薪,[],本科,3-5年,腾讯,武汉,包女士,"餐补, 补充医疗保险, 带薪年假, 定期体检, 免费班车, 员工旅游, 年终奖, 包吃, 零食下午茶, 免费健身房, 公仔周边活动, 节日福利, 免费早晚餐, 住房补贴, 股票期权, 五险一金, 交通补助",https://www.zhipin.com/job_detail/3a012cedc410f0d803d92tq0GFNQ.html?securityId=EPTjeWW7Wa_yn-y1am6K8zVhFlrIUISZZ6uncRl92b23qp804EIloExwz1g2xJ_cBCSPqgJ_SNK4NwGIhcF5jbGxTnYHQ6iU12LopKXbvaCSZTOAtML1
61f6e592d94083a21HBy3961FVFT,KF—HRBP（云智服）,8-11K,"['HRBP经验', '百人团队BP经验']",本科,1-3年,腾讯,银川,许先生,"免费班车, 节日福利, 餐补, 免费健身房, 员工旅游, 住房补贴, 补充医疗保险, 定期体检, 零食下午茶, 年终奖, 股票期权, 交通补助, 五险一金, 公仔周边活动, 带薪年假, 包吃, 免费早晚餐",https://www.zhipin.com/job_detail/61f6e592d94083a21HBy3961FVFT.html?securityId=Xq_onhbSVisHU-E1qq4KrNdB6sb7fE3TsSh8EW1-z4199at4pNbQkoobiVAGpnVYohWihyQ0nZ8QTGviF7yqGd6RhsIGlVFozpEe5ez5IzzHYEIDv5oMh_6U3r46goBTRlMPrzWHJLqGVzfrLXDaC50~
5d729d085f8650ca03V_3961GFJX,全球化写实3A动作游戏-特效设计-深圳/上海,35-65K·15薪,[],本科,5-10年,腾讯,深圳,李女士,"免费健身房, 免费早晚餐, 交通补助, 免费班车, 定期体检, 餐补, 员工旅游, 带薪年假, 包吃, 股票期权, 年终奖, 零食下午茶, 节日福利, 住房补贴, 补充医疗保险, 公仔周边活动, 五险一金",https://www.zhipin.com/job_detail/5d729d085f8650ca03V_3961GFJX.html?securityId=fV7KTgWyo1A79-Z1_Eq2rGaepri6SZx0KmY0wUgUjeF2AHD5RTnHr5RBsG70zxH8lK17dlMagSkhTeklaMQqjnakQ7x1tHbc8g0uqV8cLQv2ynBRvKNw
e2e91c53ae9c13ac03R83N60EFdW,创新数据产品经理,20-40K·15薪,"['需求分析', '产品设计', '用户研究', '数据分析', 'SQL', 'B端产品', 'TO B']",本科,1-3年,腾讯,深圳,戴女士,"免费健身房, 免费早晚餐, 股票期权, 免费班车, 定期体检, 公仔周边活动, 包吃, 年终奖, 交通补助, 零食下午茶, 补充医疗保险, 餐补, 员工旅游, 住房补贴, 带薪年假, 五险一金, 节日福利",https://www.zhipin.com/job_detail/e2e91c53ae9c13ac03R83N60EFdW.html?securityId=_kj1ae2g5SbdF-y1UfK0pHs85y3fLOWGtGo6HeRn8C4nZ5fWMxe566VQa0IZx5FuEr67tcSXnGTLM2BhrWKaA7bBJr8SOfCX19GzOlr3o0TGHip4_HYBZ7nMnNyO-flT9cYZbtcbaDbBnhidsFIrUfc~
75719cf175795eae1HJy39-4F1NZ,腾讯云网络高级后台开发工程师,25-50K,"['Golang', 'C', '分布式经验', 'MySQL', 'Redis', '架构设计经验', 'Linux开发/部署经验', 'Python']",本科,5-10年,腾讯,北京,孙女士,"免费班车, 住房补贴, 免费早晚餐, 股票期权, 零食下午茶, 餐补, 员工旅游, 年终奖, 包吃, 五险一金, 带薪年假, 定期体检, 免费健身房, 补充医疗保险, 公仔周边活动, 交通补助, 节日福利",https://www.zhipin.com/job_detail/75719cf175795eae1HJy39-4F1NZ.html?securityId=4D2iE5dkf4sVY-P1hKGImFNhmPhtZlgOLwN4by91yChGtxwFBuVQunClgbYJ4rDkwR4Zj7vcv3OBQInxz4c5k3gcpyaPlISR1xcAdqphD-g2kx_RJw~~
8fb8b4a205f822021HN43dq5GVVW,安全研究员,50-80K·16薪,['安全运维'],本科,5-10年,腾讯,深圳,聂先生,"年终奖, 有无线网, 意外险, 五险一金, 免费班车, 公仔周边活动, 节日福利, 补充医疗保险, 员工旅游, 免费健身房, 交通补助, 带薪年假, 定期体检, 团建聚餐",https://www.zhipin.com/job_detail/8fb8b4a205f822021HN43dq5GVVW.html?securityId=jSZmAnJm8GCZf-K1l_DmUIPOcTU9rWcn1dgflc9cRmINOiuf6SqtPvrXwwOQRAsfiqqR89JYqgo7f_LuVOTg9B7l8Eh16N3Lv-B2Sa4jfSnr
2eaf869b6918d9d803Z93t24F1tV,腾讯云-轻量云AI前端工程师（长沙）云智,14-22K·14薪,"['Vue', 'React']",本科,3-5年,腾讯,长沙,范女士,"股票期权, 员工旅游, 免费健身房, 补充医疗保险, 交通补助, 定期体检, 年终奖, 节日福利, 餐补, 包吃, 带薪年假, 五险一金, 零食下午茶, 免费早晚餐, 公仔周边活动, 免费班车, 住房补贴",https://www.zhipin.com/job_detail/2eaf869b6918d9d803Z93t24F1tV.html?securityId=0Dg49wmHUE-kQ-t1cHlr7zDa2Uuvo5zQ2rYiVwvUku-SdGXojJrvrLtf-2xNd60nKSjmSIPKGcn5vUYbGzwNDOn36x6C9QSe_LvqqJ7Fnrky7-lOaTU~
72af194f6be221ab1HF70tu7F1RZ,基础设施稳定性架构开发工程师,30-60K·16薪,"['C++', 'Golang', 'Kubernetes', '计算机相关专业', '稳定性建设']",本科,3-5年,腾讯,深圳,李先生,"包吃, 餐补, 免费健身房, 住房补贴, 补充医疗保险, 交通补助, 零食下午茶, 带薪年假, 免费班车, 定期体检, 年终奖, 员工旅游, 公仔周边活动, 五险一金, 节日福利, 股票期权, 免费早晚餐",https://www.zhipin.com/job_detail/72af194f6be221ab1HF70tu7F1RZ.html?securityId=OD2iUSHSdZDxd-X1seqEORH5UltKsOqZyqLv6NVyrmXpJ7fApp96Z2mxg-WExup_oHNEraheZnOwQkRztNsnHqbFOjAqXqpwC5Tw61Pv-nygfMuPDw~~
c6261e6b61ba4d031HFy3di1EltT,3D场景（资产）《洛克王国》手游-腾娱,11-18K·14薪,"['Q版', '二次元', '半写实', '动作冒险', '模拟经营', '3ds MAX', 'UE4', 'Maya', '模型制作', '关系场景', '动作场景', '渲染场景']",大专,3-5年,腾讯,深圳,陈女士,"股票期权, 零食下午茶, 节日福利, 公仔周边活动, 年终奖, 免费健身房, 带薪年假, 免费班车, 定期体检, 交通补助, 五险一金, 餐补, 住房补贴, 免费早晚餐, 补充医疗保险, 包吃, 员工旅游",https://www.zhipin.com/job_detail/c6261e6b61ba4d031HFy3di1EltT.html?securityId=EAGlXOUxSyW53-L1v7YUWgjK5cl_t-4Z9DBKcKxhGnxdfM5qMcaMNhkUuluWfekVeOR87Ie2pvXQfN-u9KNP1es_b1lAU-MSNbE-XGlxhY8Vnau-2Tw~
12b5480984e8b8ed03R_09S0ElBS,消费电子公有云售前架构师（深圳）,30-60K·15薪,"['微服务架构', '平台架构', '云计算架构', '售前', '解决方案架构师']",本科,5-10年,腾讯,深圳,余女士,"零食下午茶, 免费健身房, 定期体检, 包吃, 补充医疗保险, 员工旅游, 公仔周边活动, 五险一金, 免费班车, 免费早晚餐, 住房补贴, 带薪年假, 节日福利, 年终奖, 餐补, 交通补助, 股票期权",https://www.zhipin.com/job_detail/12b5480984e8b8ed03R_09S0ElBS.html?securityId=jZRbto5kFLsPK-u1PiUGtcG6FVjdNeVTjPLf5IngBz6KCLD_tS0ZCm8rsNM1XHwG-FLTKvNmofW6I6SfwNHEwMKJ7qFNtclp9QY_Bsw1j9ePGF4kopE~
68904f4ac460302103B63tS8FFRR,ima-用户产品经理(深圳/北京),25-50K,"['用户/功能产品', 'AI产品', 'agent']",本科,3-5年,腾讯,深圳,陈女士,"免费班车, 定期体检, 免费健身房, 包吃, 免费早晚餐, 公仔周边活动, 住房补贴, 零食下午茶, 年终奖, 股票期权, 节日福利, 交通补助, 餐补, 带薪年假, 补充医疗保险, 员工旅游, 五险一金",https://www.zhipin.com/job_detail/68904f4ac460302103B63tS8FFRR.html?securityId=iAqYAev9gzWBN-L12gjGPYmMp5Dw8wfNsZrc7DyyVMh_H8JGIVdNjKRzwULM4EPDhgOPExr_cjuKz8oNuZWRTzzvw45TdY3FqkOCRLSsYSvQZ6215e7S
469bf9493d3cdf951Hx_3tq7FlpZ,PC广告运营经理,30-60K·15薪,"['商业化广告运营', '流量运营', 'PC端']",本科,3-5年,腾讯,深圳,马先生,"五险一金, 交通补助, 餐补, 年终奖, 免费早晚餐, 定期体检, 员工旅游, 带薪年假, 免费健身房, 股票期权, 补充医疗保险, 节日福利, 住房补贴, 包吃, 公仔周边活动, 零食下午茶, 免费班车",https://www.zhipin.com/job_detail/469bf9493d3cdf951Hx_3tq7FlpZ.html?securityId=Ea26zGvmKwg1h-K1kr2MAey5sZKHDd1MUd4468loLKaMtEd5SzbG705w9ZvDjnLmaSSopTw2qKjU6LFXtqkPCm_PGQMooMJNUFbUOuo2n5Lk8qix86E~
